STATEFP,COUNTYFP,TRACTCE,GEOID,NAME,NAMELSAD,MTFCC,FUNCSTAT,ALAND,AWATER,INTPTLAT,INTPTLON,Shape_Leng,Shape_Area
"06","037","197300","06037197300","1973",Census Tract 1973,G5020,S,"654245.00000000000","0.00000000000","+34.0811373","-118.2520467","0.04509678219","0.00006390431"
"06","037","197410","06037197410","1974.10",Census Tract 1974.10,G5020,S,"1393312.00000000000","0.00000000000","+34.0929146","-118.2504370","0.05553331995","0.00013611129"
"06","037","197420","06037197420","1974.20",Census Tract 1974.20,G5020,S,"615577.00000000000","0.00000000000","+34.0832000","-118.2571856","0.03408751256","0.00006012859"
"06","037","197500","06037197500","1975",Census Tract 1975,G5020,S,"581662.00000000000","58811.00000000000","+34.0717475","-118.2577066","0.03114150549","0.00006255303"
"06","037","197600","06037197600","1976",Census Tract 1976,G5020,S,"388305.00000000000","0.00000000000","+34.0683314","-118.2519864","0.03047268649","0.00003792240"
"06","037","197700","06037197700","1977",Census Tract 1977,G5020,S,"701770.00000000000","0.00000000000","+34.0685435","-118.2457754","0.04239396558","0.00006853607"
"06","037","208002","06037208002","2080.02",Census Tract 2080.02,G5020,S,"395184.00000000000","0.00000000000","+34.0655189","-118.2571976","0.02842926210","0.00003859297"
"06","037","195600","06037195600","1956",Census Tract 1956,G5020,S,"527583.00000000000","0.00000000000","+34.0808254","-118.2655482","0.03445513196","0.00005153186"
"06","037","195720","06037195720","1957.20",Census Tract 1957.20,G5020,S,"288980.00000000000","0.00000000000","+34.0737571","-118.2633774","0.02468588564","0.00002822412"
