geoid,geoid20,year,denom_renter_housing,rent_burden_count,rent_burden_pct,severe_rent_burden_count,severe_rent_burden_pct
1400000US06037101110,101110,2023,688,399,57.994186,216,31.39535
1400000US06037101122,101122,2023,250,217,86.800003,96,38.400002
1400000US06037101220,101220,2023,704,329,46.732956,154,21.875
1400000US06037101221,101221,2023,1140,793,69.561401,459,40.263157
1400000US06037101222,101222,2023,873,483,55.326462,416,47.651775
1400000US06037101300,101300,2023,273,118,43.223442,78,28.571428
1400000US06037101400,101400,2023,343,291,84.839653,117,34.110786
1400000US06037102103,102103,2023,299,269,89.966553,163,54.515049
1400000US06037102104,102104,2023,252,98,38.888889,51,20.238094
1400000US06037102105,102105,2023,208,98,47.115383,70,33.653847
1400000US06037102107,102107,2023,220,130,59.090908,28,12.727273
1400000US06037103101,103101,2023,75,68,90.666664,31,41.333332
1400000US06037103102,103102,2023,495,461,93.13131,166,33.535355
1400000US06037103201,103201,2023,1108,684,61.732853,383,34.566788
1400000US06037103202,103202,2023,45,0,0,0,0
1400000US06037103300,103300,2023,172,144,83.720932,55,31.976744
1400000US06037103401,103401,2023,209,127,60.765549,84,40.191387
1400000US06037103402,103402,2023,449,128,28.507795,112,24.944321
1400000US06037104103,104103,2023,130,102,78.46154,81,62.307693
1400000US06037104105,104105,2023,766,578,75.456917,347,45.300262
1400000US06037104108,104108,2023,707,398,56.294201,209,29.561527
1400000US06037104124,104124,2023,168,141,83.928574,72,42.857143
1400000US06037104201,104201,2023,204,143,70.098038,62,30.392157
1400000US06037104203,104203,2023,401,310,77.306732,198,49.37656
1400000US06037104204,104204,2023,219,117,53.424656,68,31.050228
1400000US06037104310,104310,2023,177,95,53.672318,31,17.514124
1400000US06037104321,104321,2023,420,263,62.619049,69,16.428572
1400000US06037104322,104322,2023,150,131,87.333336,36,24
1400000US06037104401,104401,2023,279,163,58.422939,78,27.956989
1400000US06037104403,104403,2023,162,122,75.30864,54,33.333332
1400000US06037104404,104404,2023,405,242,59.753086,206,50.864197
1400000US06037104500,104500,2023,152,130,85.526314,84,55.263157
1400000US06037104610,104610,2023,266,193,72.556389,52,19.548872
1400000US06037104620,104620,2023,235,155,65.957443,74,31.489361
1400000US06037104701,104701,2023,721,377,52.288486,189,26.213593
1400000US06037104703,104703,2023,351,182,51.851852,117,33.333332
1400000US06037104704,104704,2023,422,277,65.639809,120,28.43602
1400000US06037104821,104821,2023,445,206,46.292133,91,20.449438
1400000US06037104822,104822,2023,414,271,65.458939,137,33.091789
1400000US06037104823,104823,2023,126,116,92.063492,93,73.809525
1400000US06037104824,104824,2023,91,65,71.428574,46,50.54945
1400000US06037106010,106010,2023,144,124,86.111115,62,43.055557
1400000US06037106020,106020,2023,312,233,74.679489,178,57.051281
1400000US06037106111,106111,2023,25,0,0,0,0
1400000US06037106112,106112,2023,217,100,46.082951,38,17.51152
1400000US06037106113,106113,2023,106,77,72.64151,51,48.113209
1400000US06037106114,106114,2023,891,567,63.636364,380,42.648708
1400000US06037106403,106403,2023,136,121,88.970589,68,50
1400000US06037106405,106405,2023,375,162,43.200001,34,9.0666666
1400000US06037106406,106406,2023,392,236,60.204082,52,13.265306
1400000US06037106407,106407,2023,679,532,78.350517,275,40.500736
1400000US06037106408,106408,2023,770,493,64.02597,247,32.077923
1400000US06037106510,106510,2023,354,288,81.355934,179,50.564972
1400000US06037106520,106520,2023,380,261,68.684212,161,42.36842
1400000US06037106603,106603,2023,121,87,71.900826,73,60.330578
1400000US06037106604,106604,2023,755,483,63.973511,220,29.139072
1400000US06037106641,106641,2023,110,75,68.181816,58,52.727272
1400000US06037106642,106642,2023,104,95,91.346153,25,24.038462
1400000US06037106643,106643,2023,45,10,22.222221,0,0
1400000US06037106645,106645,2023,161,138,85.714287,108,67.080742
1400000US06037106646,106646,2023,146,103,70.547943,51,34.931507
1400000US06037106648,106648,2023,668,434,64.970062,210,31.437126
1400000US06037106649,106649,2023,60,55,91.666664,31,51.666668
1400000US06037107010,107010,2023,248,146,58.870968,9,3.6290324
1400000US06037107020,107020,2023,319,247,77.429466,198,62.068966
1400000US06037108101,108101,2023,33,7,21.212122,0,0
1400000US06037108102,108102,2023,135,93,68.888885,78,57.777779
1400000US06037108103,108103,2023,94,94,100,52,55.319149
1400000US06037108104,108104,2023,84,52,61.904762,5,5.9523811
1400000US06037108202,108202,2023,1004,767,76.394424,390,38.84462
1400000US06037108203,108203,2023,300,186,62,65,21.666666
1400000US06037108204,108204,2023,27,20,74.074074,14,51.851852
1400000US06037109100,109100,2023,246,162,65.853661,127,51.626015
1400000US06037109200,109200,2023,125,33,26.4,23,18.4
1400000US06037109300,109300,2023,97,67,69.072166,45,46.391754
1400000US06037109400,109400,2023,302,261,86.423843,114,37.748344
1400000US06037109500,109500,2023,183,120,65.573769,72,39.344261
1400000US06037109601,109601,2023,197,118,59.898476,84,42.639595
1400000US06037109603,109603,2023,513,301,58.674465,174,33.918129
1400000US06037109604,109604,2023,157,95,60.509556,60,38.21656
1400000US06037109700,109700,2023,396,241,60.858585,130,32.828281
1400000US06037109800,109800,2023,379,258,68.073875,188,49.604221
1400000US06037111100,111100,2023,333,161,48.348347,93,27.927927
1400000US06037111201,111201,2023,120,51,42.5,35,29.166666
1400000US06037111202,111202,2023,683,361,52.855053,217,31.771595
1400000US06037111204,111204,2023,118,52,44.067795,20,16.949152
1400000US06037111205,111205,2023,565,293,51.858406,153,27.079645
1400000US06037111206,111206,2023,102,69,67.647057,69,67.647057
1400000US06037111302,111302,2023,922,569,61.713665,347,37.635574
1400000US06037111303,111303,2023,604,444,73.509933,178,29.4702
1400000US06037111304,111304,2023,1160,768,66.206894,599,51.637932
1400000US06037111401,111401,2023,271,169,62.361622,89,32.841328
1400000US06037111402,111402,2023,1587,966,60.869564,373,23.503466
1400000US06037113101,113101,2023,92,79,85.869568,69,75
1400000US06037113102,113102,2023,19,19,100,0,0
1400000US06037113211,113211,2023,325,148,45.53846,75,23.076923
1400000US06037113212,113212,2023,369,273,73.983742,182,49.322495
1400000US06037113213,113213,2023,610,275,45.081966,158,25.90164
1400000US06037113231,113231,2023,95,95,100,32,33.684212
1400000US06037113232,113232,2023,167,98,58.682636,16,9.5808382
1400000US06037113234,113234,2023,778,381,48.971722,233,29.948586
1400000US06037113235,113235,2023,211,145,68.720383,77,36.492889
1400000US06037113237,113237,2023,397,161,40.554157,72,18.136021
1400000US06037113238,113238,2023,1114,739,66.337524,353,31.687613
1400000US06037113239,113239,2023,646,475,73.529411,275,42.56966
1400000US06037113301,113301,2023,844,574,68.009476,332,39.336494
1400000US06037113303,113303,2023,204,98,48.039215,53,25.980392
1400000US06037113322,113322,2023,348,192,55.172413,143,41.091953
1400000US06037113323,113323,2023,935,494,52.834225,132,14.117647
1400000US06037113324,113324,2023,828,273,32.971016,79,9.5410624
1400000US06037113423,113423,2023,222,162,72.972977,95,42.792793
1400000US06037113424,113424,2023,343,269,78.425659,74,21.574345
1400000US06037113425,113425,2023,1280,885,69.140625,434,33.90625
1400000US06037113426,113426,2023,393,244,62.086514,110,27.989822
1400000US06037113427,113427,2023,717,459,64.016739,192,26.778242
1400000US06037113428,113428,2023,160,139,86.875,88,55
1400000US06037115101,115101,2023,172,123,71.511627,72,41.860466
1400000US06037115103,115103,2023,10,5,50,0,0
1400000US06037115104,115104,2023,1363,868,63.683052,532,39.031548
1400000US06037115202,115202,2023,1256,962,76.592354,712,56.687897
1400000US06037115203,115203,2023,719,412,57.301807,287,39.91655
1400000US06037115204,115204,2023,1110,593,53.423424,349,31.441441
1400000US06037115301,115301,2023,753,435,57.768925,251,33.333332
1400000US06037115302,115302,2023,648,472,72.839508,233,35.956791
1400000US06037115401,115401,2023,1268,995,78.470032,530,41.798107
1400000US06037115403,115403,2023,799,418,52.315395,271,33.917397
1400000US06037115404,115404,2023,455,306,67.252747,171,37.582417
1400000US06037117101,117101,2023,462,334,72.294373,183,39.61039
1400000US06037117102,117102,2023,141,121,85.815605,91,64.539009
1400000US06037117201,117201,2023,843,624,74.021355,400,47.449585
1400000US06037117202,117202,2023,308,208,67.532471,109,35.38961
1400000US06037117301,117301,2023,294,129,43.877552,71,24.14966
1400000US06037117302,117302,2023,385,259,67.272728,97,25.194805
1400000US06037117303,117303,2023,132,97,73.484848,11,8.333333
1400000US06037117404,117404,2023,281,199,70.818504,98,34.875446
1400000US06037117405,117405,2023,733,480,65.484314,323,44.065483
1400000US06037117407,117407,2023,985,591,60,346,35.126904
1400000US06037117408,117408,2023,607,392,64.579903,272,44.810543
1400000US06037117510,117510,2023,948,641,67.616035,452,47.679325
1400000US06037117520,117520,2023,951,682,71.713982,459,48.264984
1400000US06037117530,117530,2023,1290,798,61.860466,546,42.325581
1400000US06037119001,119001,2023,161,80,49.689442,70,43.47826
1400000US06037119003,119003,2023,265,192,72.452827,129,48.679245
1400000US06037119004,119004,2023,156,123,78.846153,68,43.589745
1400000US06037119201,119201,2023,123,57,46.341465,38,30.894308
1400000US06037119202,119202,2023,379,174,45.91029,87,22.955145
1400000US06037119310,119310,2023,524,352,67.175575,212,40.458015
1400000US06037119320,119320,2023,872,462,52.981651,281,32.22477
1400000US06037119340,119340,2023,973,669,68.756424,406,41.72662
1400000US06037119341,119341,2023,526,338,64.258553,198,37.642586
1400000US06037119342,119342,2023,403,274,67.990074,181,44.913151
1400000US06037119400,119400,2023,179,113,63.12849,96,53.631287
1400000US06037119700,119700,2023,258,105,40.697674,57,22.093023
1400000US06037119801,119801,2023,110,67,60.909092,33,30
1400000US06037119802,119802,2023,220,88,40,57,25.90909
1400000US06037119900,119900,2023,265,192,72.452827,100,37.735847
1400000US06037120010,120010,2023,378,210,55.555557,140,37.037037
1400000US06037120020,120020,2023,1020,729,71.470589,431,42.254902
1400000US06037120030,120030,2023,637,362,56.828884,221,34.693878
1400000US06037120103,120103,2023,778,608,78.149101,334,42.930592
1400000US06037120104,120104,2023,723,435,60.165974,312,43.153526
1400000US06037120105,120105,2023,522,350,67.049805,211,40.421455
1400000US06037120106,120106,2023,1055,837,79.336494,374,35.450237
1400000US06037120107,120107,2023,1014,706,69.625244,358,35.305721
1400000US06037120108,120108,2023,817,510,62.4235,406,49.694004
1400000US06037120300,120300,2023,567,421,74.250443,290,51.146385
1400000US06037120400,120400,2023,1334,816,61.169415,574,43.028484
1400000US06037121010,121010,2023,309,183,59.223301,100,32.362461
1400000US06037121020,121020,2023,431,317,73.549881,180,41.76334
1400000US06037121101,121101,2023,559,284,50.805008,163,29.159212
1400000US06037121102,121102,2023,240,175,72.916664,144,60
1400000US06037121210,121210,2023,260,174,66.92308,44,16.923077
1400000US06037121221,121221,2023,116,38,32.758621,19,16.379311
1400000US06037121222,121222,2023,709,425,59.943581,252,35.543018
1400000US06037121600,121600,2023,101,71,70.297028,58,57.425743
1400000US06037121801,121801,2023,803,618,76.961395,347,43.212952
1400000US06037121802,121802,2023,228,134,58.771931,73,32.017544
1400000US06037121900,121900,2023,500,308,61.599998,237,47.400002
1400000US06037122000,122000,2023,480,308,64.166664,230,47.916668
1400000US06037122120,122120,2023,516,274,53.100777,185,35.852715
1400000US06037122121,122121,2023,491,300,61.099796,173,35.234215
1400000US06037122122,122122,2023,597,439,73.53434,223,37.353436
1400000US06037122200,122200,2023,386,281,72.797928,160,41.450779
1400000US06037122410,122410,2023,1044,503,48.180077,299,28.639847
1400000US06037122420,122420,2023,914,536,58.643326,280,30.634573
1400000US06037123010,123010,2023,671,582,86.736214,275,40.983608
1400000US06037123020,123020,2023,295,186,63.050846,87,29.491526
1400000US06037123103,123103,2023,885,448,50.621468,193,21.807909
1400000US06037123104,123104,2023,1034,661,63.926498,412,39.845261
1400000US06037123203,123203,2023,835,633,75.80838,407,48.742516
1400000US06037123204,123204,2023,905,557,61.546963,265,29.281769
1400000US06037123205,123205,2023,529,350,66.162567,264,49.905483
1400000US06037123206,123206,2023,590,346,58.64407,179,30.338984
1400000US06037123301,123301,2023,906,670,73.951431,286,31.567329
1400000US06037123303,123303,2023,567,316,55.731922,158,27.865961
1400000US06037123304,123304,2023,1305,939,71.954025,604,46.283524
1400000US06037123410,123410,2023,998,810,81.162323,511,51.202404
1400000US06037123420,123420,2023,1028,656,63.813229,335,32.587547
1400000US06037123510,123510,2023,1133,793,69.991173,463,40.86496
1400000US06037123520,123520,2023,428,322,75.233643,230,53.738319
1400000US06037123601,123601,2023,1096,588,53.649635,270,24.635036
1400000US06037123602,123602,2023,694,480,69.164268,262,37.752163
1400000US06037123700,123700,2023,930,532,57.2043,294,31.612904
1400000US06037123800,123800,2023,1336,753,56.362274,462,34.580837
1400000US06037123901,123901,2023,903,608,67.331116,356,39.424141
1400000US06037123902,123902,2023,652,334,51.226994,208,31.90184
1400000US06037124000,124000,2023,1016,631,62.1063,490,48.228348
1400000US06037124102,124102,2023,1089,664,60.97337,418,38.383839
1400000US06037124103,124103,2023,338,200,59.171597,144,42.60355
1400000US06037124104,124104,2023,909,650,71.507149,329,36.193619
1400000US06037124105,124105,2023,667,386,57.871063,212,31.784107
1400000US06037124201,124201,2023,556,306,55.035973,90,16.18705
1400000US06037124203,124203,2023,652,397,60.889572,216,33.128834
1400000US06037124204,124204,2023,863,528,61.181923,294,34.067207
1400000US06037124300,124300,2023,859,536,62.398136,358,41.676369
1400000US06037124400,124400,2023,1041,592,56.868397,208,19.980787
1400000US06037124500,124500,2023,490,369,75.306122,260,53.061226
1400000US06037124600,124600,2023,789,556,70.468948,215,27.249683
1400000US06037124700,124700,2023,1496,670,44.786095,447,29.879679
1400000US06037124902,124902,2023,1164,639,54.896908,360,30.927835
1400000US06037124903,124903,2023,1367,858,62.765179,522,38.18581
1400000US06037125101,125101,2023,1831,975,53.249592,404,22.064445
1400000US06037125102,125102,2023,417,274,65.707436,111,26.618706
1400000US06037125200,125200,2023,1302,812,62.365593,319,24.500769
1400000US06037125310,125310,2023,1665,899,53.993996,389,23.363363
1400000US06037125321,125321,2023,1345,1012,75.241638,523,38.884758
1400000US06037125322,125322,2023,1543,1155,74.854179,540,34.996761
1400000US06037125402,125402,2023,1685,1014,60.178043,496,29.436201
1400000US06037125403,125403,2023,1446,988,68.326416,463,32.019363
1400000US06037125404,125404,2023,1741,1076,61.803562,623,35.784031
1400000US06037125501,125501,2023,1418,793,55.923836,508,35.825108
1400000US06037125502,125502,2023,1492,827,55.428955,297,19.906166
1400000US06037125600,125600,2023,710,383,53.943661,215,30.281691
1400000US06037127102,127102,2023,926,756,81.641472,450,48.596111
1400000US06037127103,127103,2023,966,551,57.039337,301,31.15942
1400000US06037127104,127104,2023,954,799,83.752617,466,48.846962
1400000US06037127210,127210,2023,1284,727,56.619938,456,35.514019
1400000US06037127220,127220,2023,1207,911,75.476387,527,43.661972
1400000US06037127300,127300,2023,923,552,59.804985,287,31.094257
1400000US06037127400,127400,2023,1315,773,58.783272,463,35.209126
1400000US06037127520,127520,2023,1426,927,65.007011,403,28.26087
1400000US06037127603,127603,2023,769,456,59.297791,293,38.101429
1400000US06037127604,127604,2023,1276,961,75.313477,414,32.445141
1400000US06037127605,127605,2023,911,521,57.189899,246,27.003294
1400000US06037127606,127606,2023,737,466,63.229309,273,37.042061
1400000US06037127711,127711,2023,705,373,52.907803,193,27.375887
1400000US06037127712,127712,2023,1330,810,60.902256,433,32.556393
1400000US06037127803,127803,2023,1221,788,64.537262,399,32.678131
1400000US06037127804,127804,2023,1181,737,62.404743,328,27.773073
1400000US06037127805,127805,2023,889,546,61.417324,363,40.832397
1400000US06037127806,127806,2023,1026,568,55.360622,246,23.976608
1400000US06037127910,127910,2023,1180,796,67.457626,483,40.932205
1400000US06037127920,127920,2023,848,545,64.268867,397,46.816036
1400000US06037128101,128101,2023,774,478,61.757107,274,35.400517
1400000US06037128102,128102,2023,1276,702,55.015675,321,25.15674
1400000US06037128210,128210,2023,1466,1014,69.167801,444,30.286493
1400000US06037128220,128220,2023,907,561,61.852261,388,42.778389
1400000US06037128302,128302,2023,1117,734,65.711731,338,30.259624
1400000US06037128303,128303,2023,1061,724,68.237511,474,44.674835
1400000US06037128400,128400,2023,877,506,57.696693,300,34.207527
1400000US06037128500,128500,2023,1297,698,53.816498,454,35.003857
1400000US06037128601,128601,2023,1379,742,53.807106,435,31.544598
1400000US06037128602,128602,2023,643,456,70.917572,347,53.965786
1400000US06037128703,128703,2023,1366,718,52.562225,378,27.672035
1400000US06037128704,128704,2023,409,158,38.630806,81,19.804401
1400000US06037128801,128801,2023,1421,939,66.080223,398,28.008444
1400000US06037128802,128802,2023,1493,795,53.248493,353,23.643671
1400000US06037128910,128910,2023,913,458,50.164295,105,11.500547
1400000US06037131021,131021,2023,716,490,68.435753,211,29.469275
1400000US06037131022,131022,2023,750,467,62.266666,220,29.333334
1400000US06037131023,131023,2023,405,273,67.40741,207,51.111111
1400000US06037131024,131024,2023,507,220,43.392506,160,31.558186
1400000US06037131100,131100,2023,189,169,89.417992,109,57.671959
1400000US06037131200,131200,2023,198,158,79.797981,102,51.515152
1400000US06037131300,131300,2023,213,150,70.422539,29,13.615024
1400000US06037131400,131400,2023,854,561,65.690865,320,37.470726
1400000US06037131600,131600,2023,262,158,60.305344,85,32.442749
1400000US06037131701,131701,2023,937,641,68.409821,371,39.594452
1400000US06037131702,131702,2023,438,375,85.61644,254,57.990868
1400000US06037131801,131801,2023,719,463,64.394997,301,41.863701
1400000US06037131802,131802,2023,145,119,82.068962,72,49.655174
1400000US06037131900,131900,2023,173,72,41.618496,66,38.150288
1400000US06037132001,132001,2023,450,268,59.555557,67,14.888889
1400000US06037132002,132002,2023,413,240,58.111382,209,50.605328
1400000US06037132101,132101,2023,708,528,74.576271,308,43.502827
1400000US06037132102,132102,2023,1059,793,74.881966,530,50.047215
1400000US06037132301,132301,2023,1174,580,49.403748,247,21.039183
1400000US06037132302,132302,2023,422,285,67.535545,158,37.440758
1400000US06037132501,132501,2023,657,342,52.054794,223,33.942162
1400000US06037132502,132502,2023,452,307,67.920357,156,34.513275
1400000US06037132700,132700,2023,716,515,71.927376,200,27.932961
1400000US06037132900,132900,2023,529,407,76.937614,263,49.716446
1400000US06037133000,133000,2023,307,147,47.882736,89,28.990229
1400000US06037133101,133101,2023,237,105,44.303799,70,29.535866
1400000US06037133102,133102,2023,858,566,65.967369,326,37.995338
1400000US06037134001,134001,2023,514,346,67.315178,159,30.933851
1400000US06037134002,134002,2023,680,465,68.382355,305,44.85294
1400000US06037134101,134101,2023,289,262,90.65744,77,26.643599
1400000US06037134103,134103,2023,468,358,76.495728,252,53.846153
1400000US06037134104,134104,2023,576,457,79.340279,282,48.958332
1400000US06037134201,134201,2023,226,147,65.04425,32,14.159292
1400000US06037134302,134302,2023,284,177,62.323944,118,41.549297
1400000US06037134303,134303,2023,599,211,35.225376,150,25.041737
1400000US06037134304,134304,2023,318,242,76.100632,164,51.572327
1400000US06037134305,134305,2023,1144,715,62.5,419,36.625874
1400000US06037134306,134306,2023,1049,740,70.543373,424,40.419449
1400000US06037134421,134421,2023,172,136,79.069771,120,69.767441
1400000US06037134422,134422,2023,384,224,58.333332,132,34.375
1400000US06037134423,134423,2023,265,226,85.28302,194,73.20755
1400000US06037134424,134424,2023,104,73,70.192307,10,9.6153851
1400000US06037134520,134520,2023,1681,1118,66.508034,586,34.860203
1400000US06037134521,134521,2023,659,414,62.82246,241,36.57056
1400000US06037134522,134522,2023,1081,671,62.072155,469,43.385754
1400000US06037134710,134710,2023,1262,928,73.534073,485,38.431061
1400000US06037134720,134720,2023,712,500,70.224716,287,40.30899
1400000US06037134801,134801,2023,268,198,73.8806,137,51.119404
1400000US06037134802,134802,2023,366,282,77.049179,182,49.726776
1400000US06037134901,134901,2023,406,278,68.472908,114,28.078817
1400000US06037134904,134904,2023,850,531,62.470589,281,33.058823
1400000US06037134905,134905,2023,2660,1608,60.451126,1069,40.187969
1400000US06037134906,134906,2023,1088,502,46.139706,248,22.794117
1400000US06037134907,134907,2023,1658,887,53.498192,287,17.310013
1400000US06037135102,135102,2023,291,86,29.553265,32,10.996564
1400000US06037135111,135111,2023,444,213,47.972973,92,20.72072
1400000US06037135113,135113,2023,1118,513,45.885509,324,28.980322
1400000US06037135115,135115,2023,1425,700,49.122807,395,27.719297
1400000US06037135116,135116,2023,932,448,48.068668,231,24.785408
1400000US06037135201,135201,2023,100,63,63,43,43
1400000US06037135202,135202,2023,392,274,69.897957,179,45.663265
1400000US06037135204,135204,2023,249,162,65.060242,87,34.939758
1400000US06037135205,135205,2023,110,73,66.36364,49,44.545456
1400000US06037137000,137000,2023,163,116,71.165642,17,10.429448
1400000US06037137103,137103,2023,1172,829,70.733788,409,34.89761
1400000US06037137104,137104,2023,83,36,43.373493,12,14.457831
1400000US06037137202,137202,2023,900,628,69.777779,351,39
1400000US06037137203,137203,2023,285,143,50.175438,115,40.350876
1400000US06037137301,137301,2023,37,16,43.243244,16,43.243244
1400000US06037137302,137302,2023,89,48,53.932583,7,7.8651686
1400000US06037137401,137401,2023,585,224,38.2906,191,32.649574
1400000US06037137402,137402,2023,574,296,51.567944,51,8.8850174
1400000US06037137501,137501,2023,1215,777,63.950619,511,42.057613
1400000US06037137502,137502,2023,394,237,60.152283,112,28.426395
1400000US06037137504,137504,2023,12,0,0,0,0
1400000US06037138000,138000,2023,280,188,67.14286,41,14.642858
1400000US06037139001,139001,2023,1043,440,42.186001,291,27.900288
1400000US06037139200,139200,2023,1047,719,68.672394,346,33.046799
1400000US06037139301,139301,2023,257,180,70.03891,92,35.797665
1400000US06037139302,139302,2023,1462,792,54.172367,342,23.392612
1400000US06037139303,139303,2023,1580,962,60.886074,522,33.037975
1400000US06037139401,139401,2023,744,502,67.473122,293,39.381721
1400000US06037139402,139402,2023,46,33,71.739128,33,71.739128
1400000US06037139502,139502,2023,474,286,60.337551,151,31.856541
1400000US06037139504,139504,2023,1217,856,70.336891,507,41.659821
1400000US06037139505,139505,2023,1217,959,78.800331,615,50.5341
1400000US06037139506,139506,2023,671,495,73.770493,226,33.681072
1400000US06037139600,139600,2023,910,517,56.813187,198,21.758242
1400000US06037139701,139701,2023,393,230,58.524174,101,25.699745
1400000US06037139703,139703,2023,29,25,86.206894,11,37.931034
1400000US06037139704,139704,2023,157,157,100,42,26.751593
1400000US06037139705,139705,2023,45,45,100,39,86.666664
1400000US06037139801,139801,2023,20,20,100,0,0
1400000US06037139802,139802,2023,66,41,62.121212,29,43.939392
1400000US06037141101,141101,2023,1620,966,59.629631,662,40.864197
1400000US06037141102,141102,2023,918,504,54.901962,364,39.651417
1400000US06037141201,141201,2023,1700,781,45.941177,342,20.117647
1400000US06037141202,141202,2023,743,370,49.798115,162,21.803499
1400000US06037141303,141303,2023,1274,719,56.43642,359,28.178965
1400000US06037141304,141304,2023,812,440,54.187191,312,38.423645
1400000US06037141305,141305,2023,985,466,47.309643,221,22.436548
1400000US06037141306,141306,2023,1116,643,57.616486,307,27.508961
1400000US06037141400,141400,2023,902,652,72.283813,449,49.778271
1400000US06037141500,141500,2023,39,0,0,0,0
1400000US06037141600,141600,2023,235,165,70.212769,90,38.297871
1400000US06037141700,141700,2023,121,45,37.190083,35,28.925619
1400000US06037143101,143101,2023,408,225,55.14706,99,24.264706
1400000US06037143102,143102,2023,845,482,57.04142,243,28.757397
1400000US06037143200,143200,2023,1470,1051,71.496597,708,48.163265
1400000US06037143301,143301,2023,1288,726,56.366459,564,43.788818
1400000US06037143302,143302,2023,866,471,54.387989,227,26.212471
1400000US06037143401,143401,2023,1314,740,56.316589,245,18.645357
1400000US06037143402,143402,2023,426,180,42.253521,100,23.474178
1400000US06037143500,143500,2023,1345,630,46.840149,179,13.30855
1400000US06037143602,143602,2023,1337,755,56.469707,289,21.615557
1400000US06037143603,143603,2023,905,603,66.629837,284,31.381216
1400000US06037143605,143605,2023,845,522,61.775146,242,28.639053
1400000US06037143606,143606,2023,981,417,42.507645,316,32.212029
1400000US06037143700,143700,2023,462,263,56.926407,140,30.30303
1400000US06037143801,143801,2023,542,170,31.365314,69,12.730627
1400000US06037143802,143802,2023,493,257,52.129818,112,22.718052
1400000US06037143901,143901,2023,152,97,63.815788,78,51.315788
1400000US06037143902,143902,2023,607,239,39.37397,194,31.960461
1400000US06037181000,181000,2023,568,228,40.140846,183,32.218311
1400000US06037181300,181300,2023,402,205,50.995026,119,29.60199
1400000US06037181400,181400,2023,928,294,31.681034,132,14.224138
1400000US06037181500,181500,2023,403,290,71.960297,222,55.086849
1400000US06037181600,181600,2023,574,308,53.658535,57,9.9303141
1400000US06037183101,183101,2023,549,295,53.734062,178,32.422588
1400000US06037183103,183103,2023,1246,480,38.523273,220,17.6565
1400000US06037183104,183104,2023,285,118,41.403507,68,23.85965
1400000US06037183220,183220,2023,407,161,39.557739,91,22.358723
1400000US06037183221,183221,2023,456,332,72.807014,139,30.482456
1400000US06037183222,183222,2023,618,223,36.084141,96,15.53398
1400000US06037183300,183300,2023,555,256,46.126125,138,24.864864
1400000US06037183401,183401,2023,411,253,61.557178,100,24.3309
1400000US06037183402,183402,2023,774,384,49.612404,196,25.322998
1400000US06037183510,183510,2023,231,131,56.709957,68,29.437229
1400000US06037183520,183520,2023,721,395,54.785019,181,25.104023
1400000US06037183610,183610,2023,655,404,61.67939,239,36.488548
1400000US06037183620,183620,2023,587,292,49.744465,126,21.465076
1400000US06037183701,183701,2023,859,519,60.41909,201,23.399302
1400000US06037183702,183702,2023,498,223,44.779118,126,25.301205
1400000US06037183810,183810,2023,1260,692,54.920635,360,28.571428
1400000US06037183820,183820,2023,1055,408,38.672985,160,15.165876
1400000US06037185101,185101,2023,610,307,50.327869,111,18.196722
1400000US06037185102,185102,2023,313,250,79.872208,72,23.003195
1400000US06037185202,185202,2023,732,422,57.650272,224,30.601093
1400000US06037185203,185203,2023,537,251,46.741154,150,27.932961
1400000US06037185204,185204,2023,113,69,61.061947,27,23.893805
1400000US06037185310,185310,2023,540,246,45.555557,153,28.333334
1400000US06037185320,185320,2023,592,296,50,218,36.824326
1400000US06037186100,186100,2023,834,395,47.36211,234,28.057554
1400000US06037186201,186201,2023,718,410,57.103065,172,23.955431
1400000US06037186202,186202,2023,448,242,54.017857,100,22.321428
1400000US06037186203,186203,2023,261,105,40.229885,42,16.091953
1400000US06037186301,186301,2023,606,402,66.336632,227,37.458744
1400000US06037186302,186302,2023,563,320,56.838367,166,29.484901
1400000US06037186401,186401,2023,683,363,53.147877,186,27.232796
1400000US06037186403,186403,2023,467,155,33.190578,77,16.488222
1400000US06037186404,186404,2023,564,334,59.219856,169,29.964539
1400000US06037187101,187101,2023,678,425,62.684364,179,26.40118
1400000US06037187102,187102,2023,1084,690,63.653137,327,30.166052
1400000US06037187200,187200,2023,607,380,62.602966,140,23.064251
1400000US06037187300,187300,2023,977,522,53.428864,200,20.470829
1400000US06037188100,188100,2023,1407,776,55.152809,499,35.46553
1400000US06037188201,188201,2023,1199,646,53.878231,395,32.944118
1400000US06037188202,188202,2023,585,353,60.341881,245,41.880341
1400000US06037188300,188300,2023,734,208,28.337875,79,10.762942
1400000US06037189101,189101,2023,1011,477,47.181007,266,26.310583
1400000US06037189102,189102,2023,1527,679,44.466274,207,13.555992
1400000US06037189201,189201,2023,1562,748,47.887325,392,25.096031
1400000US06037189202,189202,2023,833,305,36.614647,176,21.128452
1400000US06037189300,189300,2023,91,48,52.747253,38,41.758244
1400000US06037189400,189400,2023,744,396,53.225807,307,41.263439
1400000US06037189501,189501,2023,1032,597,57.848839,402,38.953487
1400000US06037189502,189502,2023,1171,737,62.93766,498,42.527756
1400000US06037189600,189600,2023,1284,684,53.271027,213,16.588785
1400000US06037189702,189702,2023,813,519,63.837639,219,26.937269
1400000US06037189703,189703,2023,421,304,72.209023,265,62.94537
1400000US06037189704,189704,2023,510,278,54.509804,119,23.333334
1400000US06037189801,189801,2023,966,559,57.867496,300,31.055901
1400000US06037189802,189802,2023,602,261,43.35548,98,16.27907
1400000US06037189903,189903,2023,1045,622,59.52153,273,26.124401
1400000US06037189904,189904,2023,1478,1020,69.012177,514,34.776726
1400000US06037189905,189905,2023,1193,696,58.340317,386,32.355408
1400000US06037189906,189906,2023,1420,762,53.661972,393,27.676056
1400000US06037189907,189907,2023,1192,590,49.496643,260,21.81208
1400000US06037190101,190101,2023,1022,726,71.037186,392,38.356163
1400000US06037190102,190102,2023,1280,684,53.4375,523,40.859375
1400000US06037190201,190201,2023,1488,902,60.618279,524,35.215054
1400000US06037190202,190202,2023,1989,1213,60.98542,692,34.791351
1400000US06037190302,190302,2023,921,510,55.374592,275,29.858849
1400000US06037190303,190303,2023,1502,840,55.925434,644,42.876163
1400000US06037190401,190401,2023,1542,886,57.457848,516,33.463036
1400000US06037190402,190402,2023,1156,562,48.615917,307,26.557093
1400000US06037190510,190510,2023,1675,1018,60.776119,706,42.149254
1400000US06037190520,190520,2023,1388,753,54.250721,429,30.907782
1400000US06037190701,190701,2023,698,322,46.131805,211,30.229227
1400000US06037190702,190702,2023,708,429,60.59322,260,36.723164
1400000US06037190801,190801,2023,1291,698,54.066616,359,27.807901
1400000US06037190802,190802,2023,1437,800,55.671539,444,30.897703
1400000US06037190901,190901,2023,1129,609,53.94154,319,28.255093
1400000US06037190902,190902,2023,1378,689,50,426,30.91437
1400000US06037191000,191000,2023,3072,1789,58.235676,1097,35.709637
1400000US06037191110,191110,2023,1072,634,59.141792,256,23.880596
1400000US06037191120,191120,2023,1458,933,63.991768,577,39.57476
1400000US06037191201,191201,2023,1522,962,63.206306,553,36.333771
1400000US06037191203,191203,2023,850,490,57.64706,385,45.294117
1400000US06037191204,191204,2023,576,255,44.270832,107,18.576389
1400000US06037191301,191301,2023,759,370,48.748352,179,23.583662
1400000US06037191302,191302,2023,820,394,48.048782,281,34.268291
1400000US06037191410,191410,2023,1166,663,56.861065,301,25.814751
1400000US06037191420,191420,2023,857,553,64.52742,184,21.470245
1400000US06037191500,191500,2023,1544,756,48.96373,447,28.950777
1400000US06037191610,191610,2023,1295,925,71.428574,451,34.826256
1400000US06037191620,191620,2023,879,502,57.110352,240,27.303755
1400000US06037191710,191710,2023,1078,738,68.460114,373,34.601112
1400000US06037191720,191720,2023,1202,670,55.740433,450,37.437603
1400000US06037191810,191810,2023,1202,736,61.231281,430,35.773712
1400000US06037191820,191820,2023,1763,1013,57.458878,598,33.919456
1400000US06037191901,191901,2023,2248,1200,53.380783,625,27.80249
1400000US06037191902,191902,2023,870,573,65.862068,285,32.758621
1400000US06037192001,192001,2023,845,481,56.923077,233,27.573965
1400000US06037192002,192002,2023,627,279,44.497608,114,18.181818
1400000US06037192300,192300,2023,1033,707,68.441429,447,43.272022
1400000US06037192410,192410,2023,1109,482,43.462578,218,19.657349
1400000US06037192420,192420,2023,1187,731,61.583824,452,38.079193
1400000US06037192510,192510,2023,1101,693,62.94278,437,39.691189
1400000US06037192520,192520,2023,1449,890,61.421669,435,30.020704
1400000US06037192610,192610,2023,1469,1028,69.979576,675,45.949627
1400000US06037192620,192620,2023,1152,669,58.072918,311,26.996529
1400000US06037192700,192700,2023,1060,618,58.301888,277,26.132076
1400000US06037194101,194101,2023,1178,785,66.638367,430,36.502548
1400000US06037194102,194102,2023,292,187,64.0411,148,50.684933
1400000US06037194200,194200,2023,410,295,71.951218,223,54.390244
1400000US06037194300,194300,2023,258,159,61.627907,88,34.108528
1400000US06037194401,194401,2023,1214,568,46.787479,276,22.73476
1400000US06037194402,194402,2023,1452,789,54.338844,407,28.030304
1400000US06037194500,194500,2023,590,345,58.474575,188,31.864407
1400000US06037195100,195100,2023,643,363,56.454121,130,20.21773
1400000US06037195201,195201,2023,1133,343,30.273609,142,12.533098
1400000US06037195202,195202,2023,685,327,47.737225,205,29.927008
1400000US06037195300,195300,2023,1119,529,47.274353,249,22.25201
1400000US06037195400,195400,2023,1210,589,48.677685,309,25.537189
1400000US06037195500,195500,2023,1353,496,36.659275,256,18.920916
1400000US06037195600,195600,2023,740,368,49.729729,213,28.783783
1400000US06037195710,195710,2023,1234,917,74.31118,507,41.085899
1400000US06037195720,195720,2023,673,345,51.263,178,26.448736
1400000US06037195802,195802,2023,767,412,53.715775,215,28.03129
1400000US06037195803,195803,2023,804,403,50.124378,198,24.626865
1400000US06037195804,195804,2023,837,209,24.970131,72,8.6021509
1400000US06037195901,195901,2023,1062,530,49.905838,247,23.258003
1400000US06037195902,195902,2023,624,224,35.897434,71,11.378205
1400000US06037195903,195903,2023,671,359,53.502235,162,24.14307
1400000US06037197200,197200,2023,660,234,35.454544,129,19.545454
1400000US06037197300,197300,2023,1182,528,44.670052,351,29.695431
1400000US06037197410,197410,2023,759,336,44.268776,187,24.637682
1400000US06037197420,197420,2023,1049,536,51.096283,394,37.559582
1400000US06037197500,197500,2023,1572,692,44.020355,341,21.692112
1400000US06037197600,197600,2023,693,388,55.988457,199,28.715729
1400000US06037197700,197700,2023,1792,1254,69.977676,602,33.59375
1400000US06037199001,199001,2023,617,394,63.857376,187,30.307941
1400000US06037199002,199002,2023,786,557,70.865143,273,34.732826
1400000US06037199110,199110,2023,267,102,38.202248,53,19.850187
1400000US06037199120,199120,2023,809,536,66.254639,361,44.62299
1400000US06037199201,199201,2023,899,462,51.390434,236,26.25139
1400000US06037199202,199202,2023,372,176,47.311829,54,14.516129
1400000US06037199300,199300,2023,427,253,59.250584,122,28.571428
1400000US06037199400,199400,2023,1041,597,57.348701,337,32.372719
1400000US06037199700,199700,2023,999,642,64.264267,366,36.636635
1400000US06037199801,199801,2023,592,388,65.540543,170,28.716217
1400000US06037199802,199802,2023,412,228,55.339806,135,32.766991
1400000US06037199900,199900,2023,672,404,60.119049,255,37.94643
1400000US06037201110,201110,2023,257,137,53.307392,43,16.731518
1400000US06037201120,201120,2023,755,296,39.205299,131,17.350994
1400000US06037201200,201200,2023,314,137,43.630573,72,22.929935
1400000US06037201301,201301,2023,486,162,33.333332,137,28.189301
1400000US06037201302,201302,2023,430,121,28.139534,13,3.0232558
1400000US06037201401,201401,2023,653,504,77.182236,318,48.698315
1400000US06037201402,201402,2023,413,202,48.910412,116,28.087168
1400000US06037201501,201501,2023,836,499,59.688995,144,17.22488
1400000US06037201503,201503,2023,543,246,45.303867,58,10.681399
1400000US06037201504,201504,2023,242,133,54.958679,48,19.834711
1400000US06037201601,201601,2023,219,128,58.447487,54,24.657534
1400000US06037201602,201602,2023,320,135,42.1875,63,19.6875
1400000US06037201700,201700,2023,711,330,46.413502,237,33.333332
1400000US06037203100,203100,2023,1126,541,48.046181,300,26.642984
1400000US06037203200,203200,2023,846,467,55.200947,241,28.486998
1400000US06037203300,203300,2023,399,270,67.669174,137,34.335838
1400000US06037203500,203500,2023,659,351,53.26252,185,28.072838
1400000US06037203601,203601,2023,698,480,68.767906,330,47.277939
1400000US06037203602,203602,2023,383,201,52.480419,52,13.577024
1400000US06037203710,203710,2023,649,302,46.533127,159,24.499229
1400000US06037203720,203720,2023,664,445,67.018074,197,29.668674
1400000US06037203800,203800,2023,767,423,55.149937,173,22.55541
1400000US06037203900,203900,2023,353,117,33.144474,91,25.779037
1400000US06037204110,204110,2023,489,333,68.09816,145,29.652351
1400000US06037204120,204120,2023,425,212,49.882355,96,22.588236
1400000US06037204200,204200,2023,802,476,59.35162,329,41.022446
1400000US06037204300,204300,2023,929,504,54.251884,216,23.250807
1400000US06037204410,204410,2023,540,324,60,188,34.814816
1400000US06037204420,204420,2023,812,378,46.551723,182,22.413794
1400000US06037204600,204600,2023,814,539,66.216217,414,50.859951
1400000US06037204700,204700,2023,490,307,62.653061,116,23.67347
1400000US06037204810,204810,2023,925,602,65.081078,283,30.594595
1400000US06037204820,204820,2023,283,208,73.49823,52,18.374557
1400000US06037204910,204910,2023,683,374,54.758419,154,22.547585
1400000US06037204920,204920,2023,350,167,47.714287,129,36.857143
1400000US06037205110,205110,2023,852,525,61.619717,256,30.046947
1400000US06037205120,205120,2023,803,571,71.108345,452,56.288918
1400000US06037206010,206010,2023,1371,821,59.883297,304,22.173595
1400000US06037206020,206020,2023,236,85,36.016949,34,14.406779
1400000US06037206050,206050,2023,727,314,43.191196,141,19.394773
1400000US06037206051,206051,2023,643,301,46.811821,183,28.460342
1400000US06037206052,206052,2023,1479,795,53.752537,422,28.532793
1400000US06037206053,206053,2023,870,493,56.666668,305,35.057472
1400000US06037206054,206054,2023,592,264,44.594593,177,29.898649
1400000US06037206201,206201,2023,1061,487,45.900093,266,25.070688
1400000US06037206202,206202,2023,967,615,63.598759,296,30.610134
1400000US06037206301,206301,2023,1101,449,40.781109,262,23.796549
1400000US06037206302,206302,2023,608,275,45.230263,126,20.723684
1400000US06037206303,206303,2023,396,200,50.505051,142,35.858585
1400000US06037207101,207101,2023,1615,1018,63.034058,535,33.126934
1400000US06037207102,207102,2023,1540,765,49.675323,273,17.727272
1400000US06037207103,207103,2023,795,477,60,310,38.99371
1400000US06037207303,207303,2023,1753,977,55.733028,625,35.653168
1400000US06037207304,207304,2023,1450,775,53.448277,377,26
1400000US06037207305,207305,2023,592,333,56.25,140,23.648649
1400000US06037207306,207306,2023,1437,768,53.444675,312,21.711901
1400000US06037207307,207307,2023,1073,611,56.94315,299,27.865797
1400000US06037207308,207308,2023,731,381,52.120384,215,29.411764
1400000US06037207400,207400,2023,781,536,68.629959,272,34.827145
1400000US06037207501,207501,2023,936,366,39.102566,173,18.482906
1400000US06037207502,207502,2023,2527,1396,55.24337,448,17.728533
1400000US06037207711,207711,2023,1361,565,41.513592,420,30.859661
1400000US06037207712,207712,2023,2708,1723,63.626293,632,23.338257
1400000US06037207901,207901,2023,1857,913,49.165321,485,26.117393
1400000US06037207902,207902,2023,3594,1988,55.314411,1071,29.799665
1400000US06037208001,208001,2023,1218,639,52.463055,370,30.377668
1400000US06037208002,208002,2023,1082,640,59.149723,374,34.56562
1400000US06037208301,208301,2023,495,273,55.151516,199,40.202019
1400000US06037208302,208302,2023,1314,656,49.923897,187,14.231355
1400000US06037208401,208401,2023,1299,716,55.119324,379,29.176289
1400000US06037208402,208402,2023,683,352,51.537334,193,28.257687
1400000US06037208501,208501,2023,761,357,46.911957,226,29.697765
1400000US06037208502,208502,2023,1320,881,66.742424,413,31.287878
1400000US06037208610,208610,2023,1279,599,46.833462,319,24.94136
1400000US06037208620,208620,2023,1394,757,54.304161,415,29.770445
1400000US06037208710,208710,2023,1653,894,54.083485,442,26.739262
1400000US06037208720,208720,2023,1451,946,65.196419,426,29.359062
1400000US06037208801,208801,2023,1173,738,62.9156,355,30.26428
1400000US06037208802,208802,2023,1346,936,69.539375,465,34.546806
1400000US06037208902,208902,2023,658,405,61.550152,221,33.586628
1400000US06037208903,208903,2023,998,558,55.911823,308,30.861723
1400000US06037208904,208904,2023,1268,906,71.451103,364,28.706625
1400000US06037209103,209103,2023,1064,709,66.635338,487,45.770676
1400000US06037209104,209104,2023,906,528,58.278145,241,26.600441
1400000US06037209105,209105,2023,956,673,70.397491,381,39.853558
1400000US06037209106,209106,2023,1081,710,65.679924,313,28.954672
1400000US06037209201,209201,2023,1866,1309,70.150055,669,35.852089
1400000US06037209202,209202,2023,491,415,84.521385,270,54.989819
1400000US06037209300,209300,2023,2210,1568,70.950226,1046,47.330318
1400000US06037209401,209401,2023,1441,871,60.444138,422,29.285219
1400000US06037209402,209402,2023,1158,622,53.713299,325,28.06563
1400000US06037209403,209403,2023,1448,1042,71.961327,461,31.837017
1400000US06037209510,209510,2023,869,623,71.691597,340,39.125431
1400000US06037209520,209520,2023,873,467,53.493698,370,42.382587
1400000US06037209810,209810,2023,728,445,61.126373,239,32.82967
1400000US06037209820,209820,2023,625,313,50.080002,137,21.92
1400000US06037210010,210010,2023,981,572,58.30785,275,28.032619
1400000US06037211000,211000,2023,778,483,62.082264,291,37.403599
1400000US06037211121,211121,2023,906,566,62.472404,350,38.631348
1400000US06037211122,211122,2023,1039,729,70.16362,433,41.674686
1400000US06037211123,211123,2023,1040,561,53.942307,242,23.26923
1400000US06037211124,211124,2023,1741,955,54.853531,660,37.909248
1400000US06037211201,211201,2023,997,547,54.864594,284,28.485456
1400000US06037211202,211202,2023,1004,501,49.900398,304,30.278885
1400000US06037211310,211310,2023,1360,926,68.088234,560,41.176472
1400000US06037211320,211320,2023,1092,620,56.776558,391,35.805862
1400000US06037211410,211410,2023,984,724,73.577232,223,22.662601
1400000US06037211420,211420,2023,1050,706,67.238098,301,28.666666
1400000US06037211500,211500,2023,1202,717,59.650581,519,43.178036
1400000US06037211701,211701,2023,804,455,56.592041,256,31.840796
1400000US06037211703,211703,2023,1988,1222,61.468811,464,23.34004
1400000US06037211704,211704,2023,1385,754,54.440434,403,29.097473
1400000US06037211802,211802,2023,1818,1280,70.407043,749,41.19912
1400000US06037211803,211803,2023,1618,937,57.911003,695,42.954266
1400000US06037211804,211804,2023,1222,725,59.328968,463,37.888706
1400000US06037211910,211910,2023,1774,1113,62.739571,567,31.961668
1400000US06037211921,211921,2023,850,566,66.588234,339,39.882355
1400000US06037211922,211922,2023,1287,839,65.190369,433,33.644135
1400000US06037212101,212101,2023,1349,814,60.340992,523,38.769459
1400000US06037212102,212102,2023,1221,767,62.817364,325,26.617527
1400000US06037212202,212202,2023,1163,744,63.972485,348,29.922613
1400000US06037212203,212203,2023,1421,937,65.939476,458,32.230824
1400000US06037212204,212204,2023,1376,874,63.517441,369,26.81686
1400000US06037212303,212303,2023,1487,1006,67.652992,612,41.156693
1400000US06037212304,212304,2023,786,472,60.050892,251,31.933842
1400000US06037212305,212305,2023,923,536,58.071507,300,32.502708
1400000US06037212306,212306,2023,1067,755,70.75914,454,42.549202
1400000US06037212410,212410,2023,1529,961,62.851536,469,30.673643
1400000US06037212420,212420,2023,1081,729,67.437561,359,33.209991
1400000US06037212501,212501,2023,861,485,56.329849,286,33.21719
1400000US06037212502,212502,2023,1604,963,60.037407,569,35.473816
1400000US06037212610,212610,2023,1543,800,51.84705,456,29.552818
1400000US06037212620,212620,2023,1499,973,64.909943,599,39.959972
1400000US06037212701,212701,2023,536,342,63.805969,180,33.582088
1400000US06037212702,212702,2023,663,444,66.968323,258,38.914028
1400000US06037212800,212800,2023,666,422,63.363365,225,33.783783
1400000US06037212900,212900,2023,1268,681,53.706623,317,25
1400000US06037213100,213100,2023,847,562,66.35183,337,39.787487
1400000US06037213201,213201,2023,1505,1040,69.102989,594,39.468437
1400000US06037213202,213202,2023,890,439,49.325844,206,23.146067
1400000US06037213310,213310,2023,669,345,51.569508,212,31.689089
1400000US06037213320,213320,2023,776,448,57.73196,257,33.118557
1400000US06037213401,213401,2023,1527,869,56.908974,520,34.053699
1400000US06037213402,213402,2023,1596,1056,66.165413,607,38.032581
1400000US06037214000,214000,2023,637,361,56.671898,251,39.403454
1400000US06037214100,214100,2023,1165,681,58.454937,406,34.849785
1400000US06037214400,214400,2023,1581,710,44.908287,439,27.767237
1400000US06037214501,214501,2023,1618,1092,67.49073,569,35.166874
1400000US06037214503,214503,2023,1443,951,65.904366,399,27.650728
1400000US06037214504,214504,2023,1616,827,51.175743,525,32.487625
1400000US06037214505,214505,2023,916,621,67.794762,368,40.174671
1400000US06037214600,214600,2023,1052,499,47.43346,257,24.429657
1400000US06037214700,214700,2023,730,452,61.917809,210,28.767124
1400000US06037214800,214800,2023,1068,598,55.992508,322,30.149813
1400000US06037214902,214902,2023,1102,629,57.078041,305,27.67695
1400000US06037214903,214903,2023,868,601,69.239632,522,60.138248
1400000US06037214904,214904,2023,693,342,49.350651,222,32.034634
1400000US06037215101,215101,2023,1838,998,54.298149,516,28.073994
1400000US06037215102,215102,2023,2032,980,48.228348,316,15.551181
1400000US06037216100,216100,2023,445,233,52.35955,117,26.292135
1400000US06037216201,216201,2023,1084,686,63.284134,489,45.110703
1400000US06037216202,216202,2023,1162,535,46.041309,394,33.907055
1400000US06037216301,216301,2023,210,142,67.619049,79,37.619049
1400000US06037216302,216302,2023,1461,694,47.501713,369,25.256674
1400000US06037216401,216401,2023,1681,900,53.539558,468,27.84057
1400000US06037216402,216402,2023,1021,591,57.884426,245,23.996082
1400000US06037216700,216700,2023,969,456,47.058823,202,20.846233
1400000US06037216800,216800,2023,939,462,49.201279,232,24.707136
1400000US06037216901,216901,2023,433,218,50.34642,68,15.704388
1400000US06037216902,216902,2023,857,423,49.358227,333,38.856476
1400000US06037217001,217001,2023,665,320,48.1203,104,15.639098
1400000US06037217002,217002,2023,1667,928,55.668865,340,20.395922
1400000US06037217101,217101,2023,696,283,40.660919,224,32.183907
1400000US06037217102,217102,2023,915,459,50.163933,267,29.180328
1400000US06037217200,217200,2023,1235,671,54.331985,341,27.611336
1400000US06037218110,218110,2023,924,626,67.748917,315,34.090908
1400000US06037218120,218120,2023,1069,472,44.153416,278,26.005613
1400000US06037218210,218210,2023,1048,615,58.683205,293,27.958015
1400000US06037218220,218220,2023,992,563,56.754032,360,36.290321
1400000US06037218300,218300,2023,1516,742,48.944592,496,32.717678
1400000US06037218400,218400,2023,867,493,56.862743,268,30.911188
1400000US06037218500,218500,2023,721,433,60.055477,189,26.213593
1400000US06037218600,218600,2023,673,364,54.086182,123,18.276375
1400000US06037218701,218701,2023,424,322,75.943398,167,39.386791
1400000US06037218702,218702,2023,562,332,59.074734,86,15.302491
1400000US06037218800,218800,2023,686,526,76.676384,274,39.941692
1400000US06037218900,218900,2023,1672,916,54.784691,388,23.205742
1400000US06037219010,219010,2023,473,305,64.482033,134,28.329809
1400000US06037219020,219020,2023,512,378,73.828125,212,41.40625
1400000US06037219300,219300,2023,1012,532,52.569168,287,28.359684
1400000US06037219500,219500,2023,270,117,43.333332,25,9.2592592
1400000US06037219700,219700,2023,716,383,53.491619,115,16.061453
1400000US06037219800,219800,2023,641,220,34.321373,113,17.628706
1400000US06037219901,219901,2023,1170,728,62.222221,160,13.675214
1400000US06037219902,219902,2023,824,459,55.703884,262,31.796116
1400000US06037220000,220000,2023,1427,998,69.936928,693,48.563419
1400000US06037220100,220100,2023,462,234,50.649349,154,33.333332
1400000US06037221110,221110,2023,911,464,50.933041,217,23.819979
1400000US06037221120,221120,2023,668,414,61.976048,229,34.281437
1400000US06037221210,221210,2023,633,309,48.815166,177,27.962086
1400000US06037221220,221220,2023,729,435,59.67078,211,28.943758
1400000US06037221302,221302,2023,1005,712,70.845772,374,37.213932
1400000US06037221303,221303,2023,578,309,53.460209,187,32.35294
1400000US06037221304,221304,2023,998,586,58.717434,213,21.342686
1400000US06037221401,221401,2023,1047,727,69.436485,409,39.063992
1400000US06037221402,221402,2023,726,407,56.060608,271,37.327824
1400000US06037221500,221500,2023,882,512,58.049885,370,41.950115
1400000US06037221601,221601,2023,668,371,55.538921,219,32.784431
1400000US06037221602,221602,2023,716,421,58.798882,156,21.78771
1400000US06037221710,221710,2023,735,459,62.448978,247,33.605442
1400000US06037221810,221810,2023,724,550,75.96685,374,51.657459
1400000US06037221820,221820,2023,733,606,82.673943,377,51.432468
1400000US06037221900,221900,2023,831,642,77.256317,294,35.379063
1400000US06037222001,222001,2023,436,238,54.587154,116,26.605505
1400000US06037222002,222002,2023,836,549,65.669853,350,41.866028
1400000US06037222100,222100,2023,708,496,70.056496,207,29.237288
1400000US06037222200,222200,2023,944,573,60.699154,385,40.783897
1400000US06037222500,222500,2023,874,415,47.482838,203,23.226545
1400000US06037222600,222600,2023,1173,686,58.482525,498,42.455242
1400000US06037222700,222700,2023,164,118,71.951218,82,50
1400000US06037224010,224010,2023,1542,945,61.284046,575,37.289234
1400000US06037224020,224020,2023,839,627,74.731827,320,38.140644
1400000US06037224200,224200,2023,662,382,57.703926,197,29.758308
1400000US06037224310,224310,2023,482,202,41.908714,104,21.576763
1400000US06037224320,224320,2023,1014,644,63.510849,393,38.757397
1400000US06037224410,224410,2023,789,608,77.05957,308,39.036755
1400000US06037224420,224420,2023,788,550,69.796951,215,27.284264
1400000US06037224600,224600,2023,649,410,63.174114,184,28.351309
1400000US06037224701,224701,2023,339,228,67.256638,186,54.867256
1400000US06037224702,224702,2023,557,455,81.687614,360,64.631958
1400000US06037226001,226001,2023,498,412,82.730927,239,47.991966
1400000US06037226002,226002,2023,1025,545,53.170731,291,28.390244
1400000US06037226410,226410,2023,710,418,58.873238,244,34.366196
1400000US06037226420,226420,2023,1038,761,73.314064,340,32.755299
1400000US06037226701,226701,2023,393,242,61.57761,130,33.07888
1400000US06037226702,226702,2023,533,207,38.836773,90,16.885553
1400000US06037227010,227010,2023,884,492,55.656109,253,28.619909
1400000US06037227020,227020,2023,499,321,64.328659,155,31.062124
1400000US06037228100,228100,2023,652,434,66.564415,219,33.588959
1400000US06037228210,228210,2023,686,552,80.466469,288,41.982506
1400000US06037228220,228220,2023,727,496,68.225586,292,40.165062
1400000US06037228310,228310,2023,786,529,67.302795,274,34.86005
1400000US06037228320,228320,2023,608,363,59.703949,212,34.86842
1400000US06037228410,228410,2023,557,350,62.836624,239,42.90844
1400000US06037228420,228420,2023,516,291,56.395348,147,28.488373
1400000US06037228500,228500,2023,910,643,70.65934,409,44.945053
1400000US06037228600,228600,2023,725,494,68.137932,338,46.620689
1400000US06037228710,228710,2023,641,420,65.522621,190,29.641186
1400000US06037228720,228720,2023,776,462,59.536083,349,44.974228
1400000US06037228800,228800,2023,779,597,76.636711,232,29.781771
1400000US06037228900,228900,2023,725,430,59.310345,263,36.275864
1400000US06037229100,229100,2023,661,462,69.894096,238,36.00605
1400000US06037229200,229200,2023,957,703,73.458725,350,36.572624
1400000US06037229300,229300,2023,992,599,60.383064,302,30.443548
1400000US06037229410,229410,2023,657,499,75.951294,312,47.488583
1400000US06037229420,229420,2023,765,463,60.522877,304,39.738564
1400000US06037231100,231100,2023,568,331,58.274647,179,31.514084
1400000US06037231210,231210,2023,1121,660,58.876003,352,31.400536
1400000US06037231220,231220,2023,1240,795,64.1129,301,24.274193
1400000US06037231301,231301,2023,565,401,70.97345,244,43.185841
1400000US06037231302,231302,2023,460,294,63.913044,134,29.130434
1400000US06037231400,231400,2023,940,593,63.085106,294,31.276596
1400000US06037231500,231500,2023,546,293,53.663002,197,36.080585
1400000US06037231601,231601,2023,477,253,53.039833,112,23.480083
1400000US06037231602,231602,2023,337,181,53.709198,70,20.771513
1400000US06037231603,231603,2023,565,309,54.690266,209,36.99115
1400000US06037231710,231710,2023,1032,653,63.275192,322,31.20155
1400000US06037231720,231720,2023,1011,684,67.655785,360,35.608307
1400000US06037231800,231800,2023,1110,670,60.360359,406,36.576576
1400000US06037231901,231901,2023,511,242,47.35812,103,20.156555
1400000US06037231902,231902,2023,589,408,69.269951,241,40.916809
1400000US06037232110,232110,2023,606,366,60.396038,263,43.399342
1400000US06037232120,232120,2023,1104,660,59.782608,431,39.039856
1400000US06037232200,232200,2023,433,196,45.265591,79,18.244804
1400000US06037232300,232300,2023,519,224,43.159924,135,26.01156
1400000US06037232401,232401,2023,562,421,74.911034,255,45.373665
1400000US06037232402,232402,2023,392,195,49.7449,113,28.82653
1400000US06037232500,232500,2023,819,542,66.178268,346,42.246643
1400000US06037232601,232601,2023,352,172,48.863636,135,38.352272
1400000US06037232602,232602,2023,750,428,57.066666,307,40.933334
1400000US06037232701,232701,2023,298,208,69.79866,128,42.953022
1400000US06037232702,232702,2023,622,432,69.453377,244,39.228294
1400000US06037232800,232800,2023,662,395,59.667675,226,34.138973
1400000US06037234001,234001,2023,296,112,37.837837,41,13.851352
1400000US06037234002,234002,2023,661,442,66.868378,370,55.975796
1400000US06037234200,234200,2023,401,218,54.36409,156,38.902744
1400000US06037234301,234301,2023,598,564,94.314384,327,54.682274
1400000US06037234302,234302,2023,1203,863,71.73732,421,34.995842
1400000US06037234501,234501,2023,321,163,50.778816,128,39.875389
1400000US06037234502,234502,2023,754,476,63.129974,312,41.379311
1400000US06037234600,234600,2023,513,426,83.040939,316,61.598442
1400000US06037234700,234700,2023,467,308,65.952888,191,40.899357
1400000US06037234800,234800,2023,373,172,46.112602,141,37.801609
1400000US06037234901,234901,2023,1135,484,42.643173,340,29.955948
1400000US06037234902,234902,2023,1717,1345,78.334305,865,50.378567
1400000US06037235100,235100,2023,393,245,62.340965,151,38.42239
1400000US06037235201,235201,2023,329,271,82.370819,197,59.878418
1400000US06037235202,235202,2023,964,741,76.867218,438,45.435684
1400000US06037236001,236001,2023,416,185,44.471153,166,39.903847
1400000US06037236101,236101,2023,799,631,78.973717,444,55.569462
1400000US06037236102,236102,2023,1533,899,58.643185,779,50.815395
1400000US06037236203,236203,2023,1386,1083,78.138527,663,47.835499
1400000US06037236204,236204,2023,1138,760,66.783829,427,37.521969
1400000US06037236205,236205,2023,1094,706,64.533821,518,47.349178
1400000US06037236206,236206,2023,1300,616,47.384617,303,23.307692
1400000US06037236400,236400,2023,945,442,46.772488,268,28.359789
1400000US06037237101,237101,2023,668,398,59.580837,254,38.023952
1400000US06037237102,237102,2023,660,399,60.454544,260,39.39394
1400000US06037237201,237201,2023,530,272,51.320755,156,29.433962
1400000US06037237202,237202,2023,684,630,92.105263,448,65.497078
1400000US06037237300,237300,2023,666,455,68.318321,221,33.183182
1400000US06037237401,237401,2023,329,222,67.477203,170,51.671734
1400000US06037237402,237402,2023,439,202,46.013668,141,32.11845
1400000US06037237500,237500,2023,629,455,72.337044,258,41.017487
1400000US06037237600,237600,2023,885,495,55.932205,192,21.694916
1400000US06037237710,237710,2023,816,568,69.607841,308,37.745098
1400000US06037237720,237720,2023,744,461,61.962364,236,31.72043
1400000US06037237800,237800,2023,421,366,86.935867,262,62.23278
1400000US06037237900,237900,2023,396,220,55.555557,211,53.282829
1400000US06037238000,238000,2023,905,706,78.011047,423,46.74033
1400000US06037238100,238100,2023,1300,750,57.692307,620,47.692307
1400000US06037238200,238200,2023,1413,844,59.731068,404,28.591648
1400000US06037238310,238310,2023,1201,777,64.696083,446,37.135719
1400000US06037238320,238320,2023,922,545,59.11063,480,52.060738
1400000US06037238400,238400,2023,483,329,68.115944,279,57.763977
1400000US06037239201,239201,2023,596,378,63.422817,189,31.711409
1400000US06037239202,239202,2023,912,434,47.587719,266,29.166666
1400000US06037239310,239310,2023,772,379,49.093266,165,21.373056
1400000US06037239320,239320,2023,477,285,59.748428,203,42.557652
1400000US06037239330,239330,2023,550,291,52.909092,166,30.181818
1400000US06037239501,239501,2023,625,379,60.639999,172,27.52
1400000US06037239502,239502,2023,483,336,69.565216,101,20.910973
1400000US06037239601,239601,2023,596,319,53.523491,124,20.805368
1400000US06037239602,239602,2023,658,427,64.893616,223,33.890579
1400000US06037239701,239701,2023,591,437,73.942467,295,49.915398
1400000US06037239702,239702,2023,810,489,60.370369,266,32.839508
1400000US06037239801,239801,2023,500,336,67.199997,238,47.599998
1400000US06037239802,239802,2023,861,586,68.060394,386,44.831593
1400000US06037240010,240010,2023,845,566,66.982246,333,39.408283
1400000US06037240020,240020,2023,731,588,80.437759,429,58.686729
1400000US06037240200,240200,2023,879,655,74.516495,409,46.530148
1400000US06037240301,240301,2023,608,301,49.50658,203,33.388157
1400000US06037240302,240302,2023,396,295,74.494949,105,26.515152
1400000US06037240401,240401,2023,1016,796,78.346458,489,48.129921
1400000US06037240402,240402,2023,537,326,60.707634,251,46.741154
1400000US06037240500,240500,2023,1169,729,62.360992,478,40.889648
1400000US06037240600,240600,2023,709,402,56.699577,234,33.00423
1400000US06037240700,240700,2023,822,583,70.924576,457,55.596107
1400000US06037240800,240800,2023,548,370,67.51825,270,49.270073
1400000US06037240901,240901,2023,135,101,74.814812,50,37.037037
1400000US06037240902,240902,2023,435,299,68.735634,213,48.965519
1400000US06037241001,241001,2023,516,254,49.224808,179,34.689922
1400000US06037241002,241002,2023,629,434,68.998413,335,53.25914
1400000US06037241110,241110,2023,490,338,68.979591,119,24.285715
1400000US06037241120,241120,2023,965,720,74.611397,532,55.129532
1400000US06037241201,241201,2023,382,315,82.460732,172,45.026176
1400000US06037241202,241202,2023,861,724,84.088272,434,50.406506
1400000US06037241300,241300,2023,370,276,74.594597,136,36.756756
1400000US06037241400,241400,2023,562,334,59.430607,277,49.288258
1400000US06037242000,242000,2023,880,600,68.181816,282,32.045456
1400000US06037242100,242100,2023,637,296,46.467819,130,20.408163
1400000US06037242201,242201,2023,523,314,60.038242,165,31.548758
1400000US06037242202,242202,2023,465,304,65.376343,142,30.537634
1400000US06037242300,242300,2023,915,506,55.300545,298,32.568306
1400000US06037242600,242600,2023,1194,777,65.075378,537,44.974873
1400000US06037242700,242700,2023,647,407,62.90572,199,30.757341
1400000US06037243001,243001,2023,371,299,80.592995,114,30.727762
1400000US06037243002,243002,2023,183,73,39.890709,36,19.672131
1400000US06037243100,243100,2023,1104,810,73.369568,395,35.778984
1400000US06037261102,261102,2023,122,62,50.819672,33,27.049181
1400000US06037261103,261103,2023,119,53,44.537815,29,24.369747
1400000US06037261104,261104,2023,118,82,69.491524,47,39.830509
1400000US06037261200,261200,2023,148,108,72.972977,108,72.972977
1400000US06037262100,262100,2023,120,44,36.666668,44,36.666668
1400000US06037262200,262200,2023,557,284,50.987434,139,24.955116
1400000US06037262301,262301,2023,67,42,62.686565,29,43.283581
1400000US06037262302,262302,2023,362,91,25.138121,44,12.154696
1400000US06037262303,262303,2023,16,0,0,0,0
1400000US06037262400,262400,2023,136,97,71.323532,97,71.323532
1400000US06037262501,262501,2023,98,63,64.285713,63,64.285713
1400000US06037262601,262601,2023,50,1,2,1,2
1400000US06037262604,262604,2023,730,320,43.835617,222,30.410959
1400000US06037262704,262704,2023,463,229,49.460045,120,25.917927
1400000US06037262706,262706,2023,348,176,50.574711,129,37.068966
1400000US06037262802,262802,2023,181,117,64.640884,87,48.066299
1400000US06037264000,264000,2023,196,125,63.775509,38,19.387754
1400000US06037264102,264102,2023,1045,367,35.119617,222,21.244019
1400000US06037264103,264103,2023,1146,406,35.427574,244,21.291449
1400000US06037264303,264303,2023,1194,486,40.703518,202,16.917923
1400000US06037264304,264304,2023,1136,485,42.693661,286,25.176056
1400000US06037264305,264305,2023,821,366,44.579781,210,25.578562
1400000US06037264306,264306,2023,611,319,52.209492,132,21.603928
1400000US06037265100,265100,2023,520,398,76.53846,375,72.115387
1400000US06037265201,265201,2023,221,172,77.828056,158,71.49321
1400000US06037265203,265203,2023,672,425,63.244049,272,40.476189
1400000US06037265204,265204,2023,566,328,57.950531,241,42.579506
1400000US06037265301,265301,2023,0,0,,0,
1400000US06037265303,265303,2023,1378,1173,85.123367,995,72.206093
1400000US06037265304,265304,2023,810,787,97.160492,722,89.135803
1400000US06037265306,265306,2023,368,287,77.989128,206,55.97826
1400000US06037265307,265307,2023,879,695,79.067123,609,69.283279
1400000US06037265410,265410,2023,215,135,62.790699,50,23.255814
1400000US06037265420,265420,2023,208,117,56.25,54,25.961538
1400000US06037265521,265521,2023,951,542,56.992638,301,31.650894
1400000US06037265522,265522,2023,850,562,66.117645,189,22.235294
1400000US06037265523,265523,2023,799,578,72.340424,439,54.94368
1400000US06037265524,265524,2023,972,549,56.48148,314,32.304527
1400000US06037265601,265601,2023,664,390,58.73494,281,42.319279
1400000US06037265602,265602,2023,485,344,70.927834,240,49.484535
1400000US06037265701,265701,2023,445,192,43.146069,162,36.404495
1400000US06037265702,265702,2023,762,650,85.301834,262,34.383202
1400000US06037267101,267101,2023,847,474,55.962219,301,35.537189
1400000US06037267102,267102,2023,619,341,55.088852,224,36.187401
1400000US06037267201,267201,2023,1053,558,52.991451,195,18.518518
1400000US06037267202,267202,2023,909,540,59.405941,199,21.892189
1400000US06037267300,267300,2023,1759,706,40.13644,419,23.820353
1400000US06037267403,267403,2023,1656,823,49.698067,466,28.140097
1400000US06037267404,267404,2023,1375,986,71.709091,360,26.181818
1400000US06037267405,267405,2023,1183,578,48.858833,228,19.273035
1400000US06037267406,267406,2023,885,461,52.090397,209,23.61582
1400000US06037267502,267502,2023,1208,650,53.807945,366,30.298014
1400000US06037267503,267503,2023,1026,470,45.808968,359,34.990253
1400000US06037267504,267504,2023,1594,869,54.516937,622,39.021332
1400000US06037267600,267600,2023,777,392,50.450451,310,39.897041
1400000US06037267700,267700,2023,1371,669,48.796497,363,26.477024
1400000US06037267800,267800,2023,792,460,58.080807,182,22.979797
1400000US06037267901,267901,2023,458,299,65.283844,180,39.301311
1400000US06037267902,267902,2023,898,374,41.648106,119,13.251671
1400000US06037269000,269000,2023,755,265,35.099339,115,15.231788
1400000US06037269100,269100,2023,1132,687,60.689045,413,36.4841
1400000US06037269300,269300,2023,190,110,57.894737,75,39.473682
1400000US06037269500,269500,2023,38,0,0,0,0
1400000US06037269601,269601,2023,869,581,66.858459,232,26.697353
1400000US06037269602,269602,2023,617,323,52.350082,181,29.335495
1400000US06037269700,269700,2023,783,274,34.993614,122,15.581099
1400000US06037269800,269800,2023,1073,461,42.963654,183,17.054987
1400000US06037269903,269903,2023,1804,908,50.332596,383,21.230598
1400000US06037269905,269905,2023,1378,624,45.28302,255,18.505079
1400000US06037269906,269906,2023,1484,503,33.894878,249,16.778976
1400000US06037269907,269907,2023,1175,523,44.510639,161,13.702127
1400000US06037269908,269908,2023,1298,528,40.677967,226,17.411402
1400000US06037269909,269909,2023,1234,519,42.058346,126,10.210697
1400000US06037270101,270101,2023,966,470,48.654243,176,18.219461
1400000US06037270102,270102,2023,864,366,42.361111,205,23.726852
1400000US06037270200,270200,2023,920,568,61.739132,275,29.891304
1400000US06037270300,270300,2023,343,181,52.76968,84,24.489796
1400000US06037271100,271100,2023,356,231,64.887642,126,35.393257
1400000US06037271200,271200,2023,1063,485,45.625587,251,23.612417
1400000US06037271300,271300,2023,898,598,66.59243,140,15.5902
1400000US06037271400,271400,2023,161,85,52.795033,85,52.795033
1400000US06037271500,271500,2023,565,314,55.575222,199,35.221237
1400000US06037271600,271600,2023,1273,567,44.540455,329,25.844461
1400000US06037271702,271702,2023,1326,674,50.829563,393,29.638008
1400000US06037271703,271703,2023,908,324,35.682819,116,12.775331
1400000US06037271704,271704,2023,1030,307,29.805826,210,20.38835
1400000US06037271801,271801,2023,1488,948,63.709679,442,29.704302
1400000US06037271803,271803,2023,1511,780,51.621441,266,17.604235
1400000US06037271804,271804,2023,807,459,56.877323,223,27.633209
1400000US06037271901,271901,2023,877,353,40.250854,214,24.401369
1400000US06037271902,271902,2023,1227,598,48.736755,303,24.694376
1400000US06037272100,272100,2023,669,357,53.363228,258,38.565022
1400000US06037272201,272201,2023,645,342,53.023254,195,30.232557
1400000US06037272202,272202,2023,1188,578,48.653198,309,26.010101
1400000US06037272301,272301,2023,755,347,45.960266,138,18.278145
1400000US06037272302,272302,2023,1616,747,46.225246,301,18.626238
1400000US06037273100,273100,2023,670,295,44.02985,63,9.4029846
1400000US06037273200,273200,2023,901,368,40.843506,132,14.650389
1400000US06037273300,273300,2023,1088,645,59.283089,330,30.330883
1400000US06037273403,273403,2023,710,359,50.563381,196,27.605635
1400000US06037273404,273404,2023,867,650,74.971169,309,35.640137
1400000US06037273502,273502,2023,1361,561,41.219692,289,21.234386
1400000US06037273600,273600,2023,515,305,59.223301,226,43.883495
1400000US06037273700,273700,2023,683,334,48.901905,109,15.959004
1400000US06037273800,273800,2023,1045,597,57.129185,359,34.354069
1400000US06037273902,273902,2023,1236,668,54.045307,374,30.2589
1400000US06037274100,274100,2023,1197,847,70.760231,577,48.203842
1400000US06037274202,274202,2023,1229,598,48.657444,373,30.349878
1400000US06037275101,275101,2023,288,124,43.055557,83,28.819445
1400000US06037275102,275102,2023,837,436,52.090801,189,22.580645
1400000US06037275200,275200,2023,1250,483,38.639999,186,14.88
1400000US06037275311,275311,2023,1447,797,55.079475,295,20.387007
1400000US06037275312,275312,2023,615,308,50.081303,136,22.113821
1400000US06037275313,275313,2023,455,235,51.64835,157,34.505493
1400000US06037275400,275400,2023,1379,652,47.28064,447,32.414795
1400000US06037275500,275500,2023,1273,656,51.531815,256,20.109976
1400000US06037275603,275603,2023,515,259,50.291264,142,27.572815
1400000US06037275604,275604,2023,3246,1656,51.016636,741,22.828096
1400000US06037275605,275605,2023,1174,613,52.214649,278,23.679728
1400000US06037276000,276000,2023,1176,524,44.557823,316,26.870749
1400000US06037276101,276101,2023,1850,953,51.513512,390,21.081081
1400000US06037276102,276102,2023,1131,676,59.770115,346,30.592396
1400000US06037276400,276400,2023,340,110,32.35294,91,26.764706
1400000US06037276500,276500,2023,273,189,69.230766,106,38.827839
1400000US06037276601,276601,2023,662,329,49.697884,224,33.836857
1400000US06037276605,276605,2023,811,371,45.745991,108,13.316893
1400000US06037276606,276606,2023,1044,537,51.436783,362,34.674328
1400000US06037276607,276607,2023,954,624,65.408806,366,38.36478
1400000US06037276608,276608,2023,531,338,63.653484,140,26.365349
1400000US06037277000,277000,2023,569,390,68.541298,253,44.46397
1400000US06037277100,277100,2023,245,104,42.448978,95,38.775509
1400000US06037277200,277200,2023,753,595,79.017265,208,27.622843
1400000US06037277400,277400,2023,0,0,,0,
1400000US06037278001,278001,2023,481,245,50.935551,227,47.193348
1400000US06037278102,278102,2023,781,229,29.321383,145,18.565941
1400000US06037291110,291110,2023,1083,508,46.906742,268,24.746077
1400000US06037291120,291120,2023,436,230,52.752293,156,35.779816
1400000US06037291130,291130,2023,294,105,35.714287,59,20.068027
1400000US06037291210,291210,2023,835,408,48.862274,175,20.958084
1400000US06037291220,291220,2023,635,349,54.960629,175,27.559055
1400000US06037291300,291300,2023,219,79,36.073059,50,22.831051
1400000US06037292001,292001,2023,1075,740,68.837212,428,39.813953
1400000US06037292002,292002,2023,120,72,60,5,4.1666665
1400000US06037293203,293203,2023,561,394,70.231728,191,34.046345
1400000US06037293204,293204,2023,469,201,42.857143,15,3.1982942
1400000US06037293205,293205,2023,937,667,71.184631,278,29.669157
1400000US06037293206,293206,2023,600,383,63.833332,257,42.833332
1400000US06037293301,293301,2023,243,136,55.967079,99,40.740742
1400000US06037293302,293302,2023,533,327,61.350845,82,15.384615
1400000US06037293304,293304,2023,1066,670,62.851784,232,21.763601
1400000US06037293306,293306,2023,230,88,38.260868,24,10.434783
1400000US06037293307,293307,2023,614,378,61.563519,133,21.661238
1400000US06037294110,294110,2023,442,260,58.823528,179,40.497738
1400000US06037294120,294120,2023,390,214,54.871796,192,49.23077
1400000US06037294200,294200,2023,576,378,65.625,174,30.208334
1400000US06037294301,294301,2023,120,92,76.666664,52,43.333332
1400000US06037294302,294302,2023,578,365,63.148788,160,27.681662
1400000US06037294410,294410,2023,867,455,52.479816,233,26.874279
1400000US06037294421,294421,2023,566,337,59.540634,100,17.667845
1400000US06037294510,294510,2023,661,414,62.632374,229,34.644478
1400000US06037294520,294520,2023,563,363,64.476021,234,41.563057
1400000US06037294610,294610,2023,778,365,46.915169,246,31.619537
1400000US06037294620,294620,2023,513,230,44.834309,150,29.239765
1400000US06037294701,294701,2023,716,558,77.932961,304,42.458099
1400000US06037294810,294810,2023,870,540,62.068966,309,35.517242
1400000US06037294820,294820,2023,888,619,69.707207,365,41.103603
1400000US06037294830,294830,2023,763,412,53.997379,281,36.828308
1400000US06037294900,294900,2023,738,442,59.891598,294,39.837399
1400000US06037295103,295103,2023,551,332,60.254082,164,29.764065
1400000US06037296210,296210,2023,798,523,65.538849,241,30.2005
1400000US06037296220,296220,2023,1768,962,54.411766,359,20.305429
1400000US06037296300,296300,2023,625,359,57.439999,205,32.799999
1400000US06037296401,296401,2023,194,99,51.03093,86,44.329895
1400000US06037296402,296402,2023,233,124,53.218884,62,26.609442
1400000US06037296500,296500,2023,786,414,52.671757,308,39.185749
1400000US06037296600,296600,2023,1678,1067,63.587605,697,41.537544
1400000US06037296901,296901,2023,1311,673,51.334858,408,31.121281
1400000US06037296902,296902,2023,1245,768,61.686749,507,40.722893
1400000US06037297001,297001,2023,175,114,65.14286,92,52.57143
1400000US06037297002,297002,2023,864,287,33.217594,172,19.907408
1400000US06037297110,297110,2023,1127,783,69.476486,373,33.096718
1400000US06037297120,297120,2023,732,467,63.797813,221,30.191257
1400000US06037297201,297201,2023,899,529,58.843159,270,30.033371
1400000US06037297202,297202,2023,895,400,44.692738,263,29.385475
1400000US06037297300,297300,2023,377,213,56.498672,52,13.793103
1400000US06037297400,297400,2023,212,93,43.867924,55,25.943396
1400000US06037297501,297501,2023,180,64,35.555557,43,23.888889
1400000US06037297502,297502,2023,499,289,57.915833,157,31.462925
1400000US06037297601,297601,2023,972,590,60.699589,259,26.646091
1400000US06037297602,297602,2023,999,452,45.245247,151,15.115115
1400000US06037300100,300100,2023,368,109,29.619566,18,4.8913045
1400000US06037300200,300200,2023,555,282,50.81081,139,25.045046
1400000US06037300301,300301,2023,246,150,60.975609,97,39.430893
1400000US06037300400,300400,2023,423,241,56.973995,162,38.297871
1400000US06037300501,300501,2023,412,332,80.582527,231,56.067963
1400000US06037300503,300503,2023,1632,1066,65.318626,532,32.598038
1400000US06037300601,300601,2023,1315,935,71.102661,657,49.961979
1400000US06037300602,300602,2023,440,321,72.954544,197,44.772728
1400000US06037300701,300701,2023,382,273,71.465965,216,56.544502
1400000US06037300702,300702,2023,226,148,65.486725,47,20.796461
1400000US06037300800,300800,2023,1368,812,59.356724,327,23.903509
1400000US06037300901,300901,2023,113,102,90.265488,77,68.141594
1400000US06037300902,300902,2023,75,54,72,23,30.666666
1400000US06037301000,301000,2023,928,507,54.633621,162,17.456896
1400000US06037301100,301100,2023,1655,1270,76.73716,877,52.990936
1400000US06037301203,301203,2023,904,517,57.190266,341,37.721237
1400000US06037301204,301204,2023,1783,1116,62.591137,772,43.297813
1400000US06037301205,301205,2023,196,172,87.755104,132,67.346939
1400000US06037301206,301206,2023,1389,736,52.987762,478,34.413246
1400000US06037301300,301300,2023,11,0,0,0,0
1400000US06037301400,301400,2023,97,52,53.608246,39,40.206184
1400000US06037301501,301501,2023,85,49,57.64706,37,43.529411
1400000US06037301502,301502,2023,2153,1394,64.746864,746,34.649326
1400000US06037301601,301601,2023,1945,1286,66.118256,1088,55.938305
1400000US06037301602,301602,2023,1035,627,60.579712,427,41.256039
1400000US06037301701,301701,2023,473,234,49.471458,181,38.266384
1400000US06037301702,301702,2023,1472,869,59.035328,602,40.89674
1400000US06037301801,301801,2023,1951,1424,72.988213,907,46.488979
1400000US06037301802,301802,2023,1998,1197,59.909908,681,34.084084
1400000US06037301901,301901,2023,1064,470,44.172932,303,28.477444
1400000US06037301902,301902,2023,738,481,65.176155,264,35.772358
1400000US06037302002,302002,2023,1248,928,74.358971,654,52.403847
1400000US06037302003,302003,2023,1124,679,60.409252,421,37.455517
1400000US06037302004,302004,2023,1198,777,64.858093,594,49.582638
1400000US06037302102,302102,2023,1190,586,49.243698,341,28.655462
1400000US06037302103,302103,2023,1599,946,59.161976,682,42.651657
1400000US06037302104,302104,2023,1139,681,59.789288,429,37.664619
1400000US06037302201,302201,2023,1581,1077,68.121445,547,34.598354
1400000US06037302202,302202,2023,1674,1192,71.206688,768,45.878136
1400000US06037302301,302301,2023,1009,620,61.446976,393,38.949455
1400000US06037302302,302302,2023,1680,1127,67.083336,701,41.726189
1400000US06037302401,302401,2023,2529,1425,56.346382,861,34.045078
1400000US06037302503,302503,2023,1235,832,67.368423,609,49.311741
1400000US06037302504,302504,2023,1152,815,70.746529,592,51.388889
1400000US06037302505,302505,2023,1239,739,59.644875,458,36.965294
1400000US06037302506,302506,2023,724,561,77.486191,374,51.657459
1400000US06037310100,310100,2023,91,70,76.92308,51,56.043957
1400000US06037310201,310201,2023,824,563,68.325241,273,33.131069
1400000US06037310202,310202,2023,1077,699,64.902504,438,40.668522
1400000US06037310300,310300,2023,106,70,66.037735,58,54.71698
1400000US06037310400,310400,2023,541,315,58.22551,123,22.735674
1400000US06037310501,310501,2023,1330,651,48.947369,311,23.383459
1400000US06037310601,310601,2023,1779,1152,64.755478,639,35.919056
1400000US06037310602,310602,2023,617,393,63.695301,271,43.922203
1400000US06037310701,310701,2023,1051,510,48.525215,308,29.305424
1400000US06037310703,310703,2023,1596,1100,68.922302,737,46.177944
1400000US06037310704,310704,2023,1829,1349,73.756149,781,42.700928
1400000US06037310705,310705,2023,1136,821,72.271126,381,33.538731
1400000US06037310800,310800,2023,1104,786,71.195656,554,50.18116
1400000US06037310900,310900,2023,611,357,58.428806,211,34.53355
1400000US06037311000,311000,2023,681,316,46.402351,202,29.662262
1400000US06037311100,311100,2023,525,172,32.761906,79,15.047619
1400000US06037311200,311200,2023,658,385,58.510639,156,23.708206
1400000US06037311300,311300,2023,660,338,51.21212,145,21.969696
1400000US06037311400,311400,2023,430,123,28.60465,66,15.348837
1400000US06037311500,311500,2023,1303,695,53.338451,323,24.788948
1400000US06037311601,311601,2023,507,205,40.433926,119,23.471401
1400000US06037311602,311602,2023,1811,1017,56.156818,608,33.572613
1400000US06037311700,311700,2023,1102,573,51.996368,357,32.395645
1400000US06037311801,311801,2023,935,468,50.053474,296,31.657755
1400000US06037311802,311802,2023,1167,518,44.387318,191,16.366753
1400000US06037320101,320101,2023,141,133,94.326241,61,43.262413
1400000US06037320102,320102,2023,221,149,67.420815,96,43.438915
1400000US06037320201,320201,2023,838,484,57.756565,257,30.668259
1400000US06037320202,320202,2023,335,256,76.417908,189,56.417912
1400000US06037320300,320300,2023,710,497,70,292,41.126762
1400000US06037400205,400205,2023,64,46,71.875,10,15.625
1400000US06037400206,400206,2023,137,78,56.934307,36,26.277372
1400000US06037400207,400207,2023,156,126,80.769234,71,45.512821
1400000US06037400208,400208,2023,22,22,100,9,40.909092
1400000US06037400209,400209,2023,131,47,35.877861,47,35.877861
1400000US06037400304,400304,2023,1346,913,67.830612,445,33.060921
1400000US06037400402,400402,2023,375,196,52.266666,101,26.933332
1400000US06037400403,400403,2023,423,269,63.59338,115,27.186762
1400000US06037400404,400404,2023,99,8,8.0808077,8,8.0808077
1400000US06037400501,400501,2023,41,17,41.463413,0,0
1400000US06037400602,400602,2023,653,290,44.410412,109,16.69219
1400000US06037400603,400603,2023,615,254,41.300812,157,25.528456
1400000US06037400605,400605,2023,398,252,63.316582,151,37.939697
1400000US06037400801,400801,2023,386,188,48.704662,46,11.917098
1400000US06037401001,401001,2023,120,97,80.833336,85,70.833336
1400000US06037401002,401002,2023,824,483,58.616505,255,30.946602
1400000US06037401101,401101,2023,912,529,58.004387,234,25.657894
1400000US06037401102,401102,2023,806,326,40.446651,258,32.009926
1400000US06037401201,401201,2023,171,60,35.087719,36,21.052631
1400000US06037401202,401202,2023,233,109,46.781116,83,35.622318
1400000US06037401203,401203,2023,458,326,71.179039,205,44.759827
1400000US06037401303,401303,2023,84,81,96.428574,61,72.619049
1400000US06037401304,401304,2023,74,50,67.567566,37,50
1400000US06037401311,401311,2023,773,334,43.208279,307,39.715393
1400000US06037401312,401312,2023,303,227,74.917488,200,66.006599
1400000US06037401500,401500,2023,605,311,51.404957,155,25.619835
1400000US06037401601,401601,2023,789,355,44.993664,123,15.589354
1400000US06037401602,401602,2023,1051,599,56.99334,328,31.208372
1400000US06037401705,401705,2023,76,56,73.684212,41,53.947369
1400000US06037401706,401706,2023,1007,715,71.002975,392,38.927509
1400000US06037401707,401707,2023,1130,720,63.716816,406,35.929203
1400000US06037401801,401801,2023,407,114,28.009829,38,9.3366089
1400000US06037401802,401802,2023,187,88,47.058823,67,35.828876
1400000US06037401901,401901,2023,81,26,32.098766,10,12.345679
1400000US06037401902,401902,2023,1697,973,57.336475,451,26.576311
1400000US06037402001,402001,2023,709,423,59.661495,334,47.108604
1400000US06037402002,402002,2023,662,492,74.320244,258,38.972809
1400000US06037402101,402101,2023,227,98,43.171806,69,30.396475
1400000US06037402102,402102,2023,396,198,50,101,25.505051
1400000US06037402200,402200,2023,608,426,70.065788,235,38.651318
1400000US06037402301,402301,2023,529,274,51.795841,143,27.032137
1400000US06037402303,402303,2023,619,421,68.012924,175,28.271406
1400000US06037402304,402304,2023,732,412,56.284153,267,36.47541
1400000US06037402403,402403,2023,246,145,58.943089,76,30.894308
1400000US06037402404,402404,2023,0,0,,0,
1400000US06037402405,402405,2023,63,37,58.73016,21,33.333332
1400000US06037402406,402406,2023,363,172,47.382919,105,28.925619
1400000US06037402501,402501,2023,977,502,51.381783,294,30.092119
1400000US06037402503,402503,2023,694,393,56.628242,194,27.95389
1400000US06037402504,402504,2023,385,292,75.844154,253,65.714287
1400000US06037402601,402601,2023,339,209,61.651917,151,44.542774
1400000US06037402602,402602,2023,903,315,34.88372,151,16.722038
1400000US06037402702,402702,2023,969,568,58.61713,390,40.247677
1400000US06037402703,402703,2023,342,268,78.362572,98,28.65497
1400000US06037402705,402705,2023,158,66,41.772152,51,32.278481
1400000US06037402706,402706,2023,288,141,48.958332,92,31.944445
1400000US06037402801,402801,2023,726,406,55.922867,213,29.338842
1400000US06037402803,402803,2023,366,222,60.655739,146,39.890709
1400000US06037402804,402804,2023,707,454,64.214996,220,31.117397
1400000US06037402902,402902,2023,751,385,51.26498,138,18.3755
1400000US06037402903,402903,2023,427,223,52.224823,123,28.80562
1400000US06037402904,402904,2023,229,172,75.109169,88,38.427948
1400000US06037403000,403000,2023,337,187,55.489613,142,42.136497
1400000US06037403305,403305,2023,165,111,67.272728,86,52.121212
1400000US06037403316,403316,2023,603,464,76.948593,367,60.862354
1400000US06037403317,403317,2023,245,118,48.163265,51,20.816326
1400000US06037403318,403318,2023,271,163,60.147602,89,32.841328
1400000US06037403319,403319,2023,509,335,65.815323,174,34.184677
1400000US06037403320,403320,2023,215,68,31.627907,43,20
1400000US06037403321,403321,2023,326,285,87.423309,176,53.987732
1400000US06037403323,403323,2023,413,316,76.513321,234,56.658596
1400000US06037403324,403324,2023,369,264,71.544716,66,17.886179
1400000US06037403325,403325,2023,332,223,67.168678,72,21.686747
1400000US06037403326,403326,2023,158,94,59.493671,53,33.544304
1400000US06037403327,403327,2023,57,16,28.070175,7,12.280702
1400000US06037403328,403328,2023,357,209,58.543419,111,31.092438
1400000US06037403401,403401,2023,260,162,62.307693,0,0
1400000US06037403402,403402,2023,246,193,78.455284,103,41.869919
1400000US06037403403,403403,2023,156,49,31.410257,18,11.538462
1400000US06037403404,403404,2023,46,43,93.478264,38,82.608696
1400000US06037403407,403407,2023,41,32,78.048782,8,19.512196
1400000US06037403408,403408,2023,154,76,49.350651,15,9.7402601
1400000US06037403409,403409,2023,308,183,59.415585,128,41.558441
1400000US06037403500,403500,2023,113,85,75.221237,79,69.911507
1400000US06037403601,403601,2023,577,174,30.155979,174,30.155979
1400000US06037403702,403702,2023,112,63,56.25,45,40.17857
1400000US06037403703,403703,2023,222,124,55.855854,31,13.963964
1400000US06037403721,403721,2023,736,514,69.83696,203,27.581522
1400000US06037403722,403722,2023,955,698,73.089005,382,40
1400000US06037403801,403801,2023,1053,411,39.031338,93,8.8319092
1400000US06037403802,403802,2023,771,465,60.311283,208,26.977951
1400000US06037403901,403901,2023,293,141,48.122868,63,21.501707
1400000US06037403902,403902,2023,425,237,55.764706,131,30.82353
1400000US06037404000,404000,2023,497,218,43.863178,62,12.474849
1400000US06037404100,404100,2023,444,339,76.351349,82,18.468468
1400000US06037404201,404201,2023,506,372,73.517784,123,24.3083
1400000US06037404203,404203,2023,431,249,57.772621,91,21.113689
1400000US06037404301,404301,2023,1115,535,47.982063,242,21.704037
1400000US06037404302,404302,2023,256,152,59.375,118,46.09375
1400000US06037404401,404401,2023,474,219,46.20253,59,12.447257
1400000US06037404402,404402,2023,362,158,43.646408,52,14.364641
1400000US06037404501,404501,2023,360,232,64.444443,119,33.055557
1400000US06037404503,404503,2023,201,95,47.263683,41,20.39801
1400000US06037404504,404504,2023,911,397,43.578484,178,19.538969
1400000US06037404600,404600,2023,73,40,54.794521,8,10.958904
1400000US06037404701,404701,2023,493,244,49.492901,79,16.024342
1400000US06037404702,404702,2023,558,241,43.189964,126,22.580645
1400000US06037404703,404703,2023,396,190,47.979797,84,21.212122
1400000US06037404804,404804,2023,518,288,55.598457,176,33.976833
1400000US06037404805,404805,2023,412,180,43.68932,65,15.776699
1400000US06037404806,404806,2023,655,451,68.854965,201,30.687023
1400000US06037404901,404901,2023,403,216,53.598015,112,27.791563
1400000US06037404902,404902,2023,162,92,56.790123,72,44.444443
1400000US06037404903,404903,2023,142,83,58.450703,16,11.267606
1400000US06037405001,405001,2023,325,234,72,71,21.846153
1400000US06037405002,405002,2023,242,166,68.595039,105,43.388432
1400000US06037405101,405101,2023,337,215,63.798218,158,46.884274
1400000US06037405102,405102,2023,794,469,59.068008,305,38.413097
1400000US06037405201,405201,2023,678,411,60.619469,211,31.120943
1400000US06037405202,405202,2023,450,268,59.555557,38,8.4444447
1400000US06037405203,405203,2023,230,161,70,55,23.913044
1400000US06037405301,405301,2023,504,312,61.904762,175,34.722221
1400000US06037405302,405302,2023,693,348,50.21645,115,16.594517
1400000US06037405400,405400,2023,236,58,24.576271,41,17.372881
1400000US06037405500,405500,2023,459,285,62.091503,206,44.880173
1400000US06037405600,405600,2023,547,328,59.963436,136,24.862888
1400000US06037405701,405701,2023,387,260,67.183464,88,22.739017
1400000US06037405702,405702,2023,448,139,31.026785,16,3.5714285
1400000US06037405800,405800,2023,424,197,46.462265,74,17.452829
1400000US06037405900,405900,2023,356,231,64.887642,87,24.438202
1400000US06037406000,406000,2023,347,169,48.703171,103,29.682997
1400000US06037406101,406101,2023,543,306,56.353592,141,25.96685
1400000US06037406103,406103,2023,1747,861,49.284489,338,19.347452
1400000US06037406201,406201,2023,873,606,69.41581,297,34.020618
1400000US06037406300,406300,2023,554,277,50,105,18.953068
1400000US06037406413,406413,2023,423,275,65.011818,104,24.586288
1400000US06037406500,406500,2023,735,510,69.387756,279,37.959183
1400000US06037406601,406601,2023,277,150,54.151623,106,38.267147
1400000US06037406602,406602,2023,323,135,41.795666,91,28.173374
1400000US06037406701,406701,2023,351,252,71.794868,122,34.757835
1400000US06037406702,406702,2023,1276,828,64.890282,317,24.84326
1400000US06037406801,406801,2023,375,209,55.733334,96,25.6
1400000US06037406903,406903,2023,818,615,75.183372,382,46.699268
1400000US06037407001,407001,2023,232,107,46.120689,5,2.1551723
1400000US06037407002,407002,2023,78,34,43.589745,13,16.666666
1400000US06037407101,407101,2023,451,258,57.206207,120,26.607538
1400000US06037407102,407102,2023,284,170,59.859154,70,24.647888
1400000US06037407201,407201,2023,304,135,44.407894,49,16.118422
1400000US06037407202,407202,2023,80,30,37.5,22,27.5
1400000US06037407301,407301,2023,198,172,86.86869,66,33.333332
1400000US06037407302,407302,2023,112,112,100,30,26.785715
1400000US06037407400,407400,2023,74,52,70.270271,46,62.162163
1400000US06037407501,407501,2023,390,246,63.076923,138,35.384617
1400000US06037407502,407502,2023,305,131,42.950821,53,17.377048
1400000US06037407601,407601,2023,737,332,45.047489,142,19.2673
1400000US06037407602,407602,2023,305,172,56.393444,84,27.540983
1400000US06037407701,407701,2023,565,310,54.867256,135,23.893805
1400000US06037407702,407702,2023,371,175,47.169811,60,16.172506
1400000US06037407801,407801,2023,122,33,27.049181,33,27.049181
1400000US06037407802,407802,2023,180,46,25.555555,30,16.666666
1400000US06037407901,407901,2023,92,73,79.347824,41,44.565216
1400000US06037407902,407902,2023,137,107,78.102188,44,32.116787
1400000US06037408003,408003,2023,220,59,26.818182,31,14.090909
1400000US06037408004,408004,2023,387,186,48.062016,107,27.648579
1400000US06037408005,408005,2023,480,121,25.208334,98,20.416666
1400000US06037408006,408006,2023,625,361,57.759998,203,32.48
1400000US06037408133,408133,2023,973,493,50.668037,257,26.413155
1400000US06037408134,408134,2023,145,55,37.931034,41,28.275862
1400000US06037408135,408135,2023,579,253,43.696026,197,34.024181
1400000US06037408136,408136,2023,138,57,41.304348,10,7.246377
1400000US06037408137,408137,2023,793,404,50.945774,257,32.408573
1400000US06037408138,408138,2023,244,113,46.311474,55,22.540983
1400000US06037408139,408139,2023,136,64,47.058823,57,41.911766
1400000US06037408140,408140,2023,231,94,40.692642,58,25.108225
1400000US06037408141,408141,2023,188,116,61.702129,85,45.212765
1400000US06037408212,408212,2023,227,105,46.255508,88,38.766521
1400000US06037408213,408213,2023,771,399,51.750973,153,19.844358
1400000US06037408301,408301,2023,451,292,64.74501,178,39.46785
1400000US06037408302,408302,2023,194,124,63.917526,101,52.061855
1400000US06037408303,408303,2023,135,76,56.296295,69,51.111111
1400000US06037408401,408401,2023,377,200,53.0504,96,25.464191
1400000US06037408402,408402,2023,272,96,35.294117,56,20.588236
1400000US06037408503,408503,2023,172,106,61.627907,57,33.139534
1400000US06037408504,408504,2023,661,270,40.847202,112,16.944025
1400000US06037408505,408505,2023,126,81,64.285713,46,36.507938
1400000US06037408623,408623,2023,293,115,39.249146,64,21.843004
1400000US06037408624,408624,2023,137,86,62.773724,39,28.467154
1400000US06037408625,408625,2023,164,123,75,58,35.365852
1400000US06037408626,408626,2023,415,253,60.963856,197,47.469879
1400000US06037408627,408627,2023,98,47,47.959183,9,9.1836739
1400000US06037408628,408628,2023,602,373,61.960133,233,38.704319
1400000US06037408629,408629,2023,116,68,58.620689,44,37.931034
1400000US06037408631,408631,2023,289,183,63.3218,78,26.98962
1400000US06037408703,408703,2023,92,48,52.173912,24,26.086956
1400000US06037408705,408705,2023,442,294,66.515839,124,28.054298
1400000US06037408707,408707,2023,150,32,21.333334,31,20.666666
1400000US06037408722,408722,2023,203,190,93.596062,81,39.901478
1400000US06037408724,408724,2023,1501,675,44.97002,359,23.917389
1400000US06037408725,408725,2023,789,497,62.991127,304,38.529785
1400000US06037408800,408800,2023,1481,933,62.997974,524,35.3815
1400000US06037408900,408900,2023,761,377,49.540077,277,36.399475
1400000US06037409000,409000,2023,1135,573,50.484581,322,28.370045
1400000US06037409100,409100,2023,499,250,50.100201,108,21.643286
1400000US06037430003,430003,2023,165,67,40.60606,60,36.363636
1400000US06037430004,430004,2023,403,217,53.846153,56,13.895782
1400000US06037430005,430005,2023,391,135,34.526855,21,5.3708439
1400000US06037430101,430101,2023,1114,699,62.746857,399,35.816875
1400000US06037430102,430102,2023,533,319,59.849907,200,37.523453
1400000US06037430200,430200,2023,163,129,79.141106,59,36.19632
1400000US06037430301,430301,2023,235,67,28.510639,28,11.914893
1400000US06037430302,430302,2023,821,400,48.721073,246,29.963459
1400000US06037430400,430400,2023,197,86,43.654823,56,28.426395
1400000US06037430501,430501,2023,361,113,31.301939,62,17.174515
1400000US06037430502,430502,2023,1527,734,48.068108,286,18.729534
1400000US06037430600,430600,2023,177,4,2.259887,4,2.259887
1400000US06037430701,430701,2023,718,374,52.089138,187,26.044569
1400000US06037430721,430721,2023,603,316,52.404644,130,21.558872
1400000US06037430723,430723,2023,1093,743,67.978043,267,24.428179
1400000US06037430724,430724,2023,1350,539,39.925926,269,19.925926
1400000US06037430801,430801,2023,1195,619,51.799164,304,25.439331
1400000US06037430802,430802,2023,206,124,60.194176,53,25.728155
1400000US06037430803,430803,2023,487,332,68.172485,165,33.880905
1400000US06037430901,430901,2023,950,522,54.947369,280,29.473684
1400000US06037430902,430902,2023,1201,618,51.457119,338,28.143213
1400000US06037431002,431002,2023,412,292,70.873787,120,29.126213
1400000US06037431003,431003,2023,1149,552,48.041775,400,34.812881
1400000US06037431004,431004,2023,814,320,39.312038,171,21.007372
1400000US06037431100,431100,2023,1354,801,59.158051,391,28.877399
1400000US06037431200,431200,2023,498,148,29.718876,67,13.453815
1400000US06037431300,431300,2023,300,141,47,103,34.333332
1400000US06037431400,431400,2023,324,218,67.283951,145,44.753086
1400000US06037431501,431501,2023,627,362,57.735249,233,37.161083
1400000US06037431502,431502,2023,543,248,45.672192,155,28.54512
1400000US06037431600,431600,2023,304,225,74.013161,119,39.144737
1400000US06037431701,431701,2023,538,332,61.710037,131,24.349442
1400000US06037431800,431800,2023,798,514,64.411026,240,30.075188
1400000US06037431900,431900,2023,637,338,53.061226,211,33.12402
1400000US06037432001,432001,2023,149,81,54.362415,21,14.09396
1400000US06037432002,432002,2023,551,295,53.539021,153,27.767694
1400000US06037432101,432101,2023,269,71,26.394053,34,12.639405
1400000US06037432102,432102,2023,174,100,57.471264,65,37.356323
1400000US06037432201,432201,2023,522,352,67.432953,111,21.264368
1400000US06037432202,432202,2023,426,177,41.549297,102,23.943663
1400000US06037432300,432300,2023,414,224,54.106281,171,41.304348
1400000US06037432401,432401,2023,574,277,48.257839,107,18.641115
1400000US06037432402,432402,2023,1065,701,65.821594,373,35.023476
1400000US06037432501,432501,2023,596,267,44.798656,100,16.778524
1400000US06037432502,432502,2023,245,99,40.408165,32,13.061225
1400000US06037432601,432601,2023,922,625,67.787422,400,43.383949
1400000US06037432602,432602,2023,385,294,76.36364,235,61.03896
1400000US06037432700,432700,2023,824,431,52.305824,227,27.548544
1400000US06037432801,432801,2023,571,353,61.821365,231,40.455341
1400000US06037432802,432802,2023,1291,723,56.003098,341,26.413633
1400000US06037432901,432901,2023,687,451,65.647743,302,43.959244
1400000US06037432902,432902,2023,241,133,55.186722,58,24.066391
1400000US06037433103,433103,2023,1050,667,63.523811,262,24.952381
1400000US06037433200,433200,2023,792,514,64.898987,208,26.262627
1400000US06037433302,433302,2023,379,171,45.118732,64,16.886543
1400000US06037433304,433304,2023,888,572,64.414413,447,50.337837
1400000US06037433305,433305,2023,1060,644,60.754719,306,28.867924
1400000US06037433306,433306,2023,391,192,49.104858,98,25.063938
1400000US06037433307,433307,2023,375,216,57.599998,85,22.666666
1400000US06037433402,433402,2023,777,389,50.06435,146,18.790218
1400000US06037433403,433403,2023,935,589,62.994652,306,32.727272
1400000US06037433505,433505,2023,694,387,55.763687,214,30.835735
1400000US06037433506,433506,2023,738,518,70.189705,343,46.476963
1400000US06037433601,433601,2023,628,378,60.191082,143,22.7707
1400000US06037433602,433602,2023,420,276,65.714287,181,43.095238
1400000US06037433803,433803,2023,216,162,75,29,13.425926
1400000US06037433804,433804,2023,651,428,65.74501,314,48.233486
1400000US06037433901,433901,2023,957,567,59.24765,293,30.61651
1400000US06037433903,433903,2023,792,542,68.434341,368,46.464645
1400000US06037434001,434001,2023,360,244,67.777779,134,37.222221
1400000US06037434003,434003,2023,500,267,53.400002,134,26.799999
1400000US06037434004,434004,2023,278,138,49.640289,53,19.064749
1400000US06037434100,434100,2023,677,442,65.288033,297,43.870014
1400000US06037460001,460001,2023,52,32,61.53846,25,48.076923
1400000US06037460002,460002,2023,144,91,63.194443,56,38.888889
1400000US06037460101,460101,2023,181,151,83.425415,34,18.784531
1400000US06037460200,460200,2023,336,213,63.392857,108,32.142857
1400000US06037460301,460301,2023,235,71,30.212767,40,17.021276
1400000US06037460302,460302,2023,343,179,52.186588,83,24.19825
1400000US06037460401,460401,2023,134,82,61.194031,4,2.9850745
1400000US06037460501,460501,2023,72,29,40.277779,0,0
1400000US06037460502,460502,2023,100,16,16,16,16
1400000US06037460601,460601,2023,350,229,65.428574,18,5.1428571
1400000US06037460700,460700,2023,114,51,44.736843,12,10.526316
1400000US06037460800,460800,2023,55,15,27.272728,5,9.090909
1400000US06037460900,460900,2023,752,358,47.606384,251,33.377659
1400000US06037461000,461000,2023,301,193,64.119598,49,16.27907
1400000US06037461100,461100,2023,459,318,69.281044,186,40.522877
1400000US06037461200,461200,2023,198,115,58.080807,51,25.757576
1400000US06037461300,461300,2023,855,462,54.035088,272,31.812866
1400000US06037461400,461400,2023,671,393,58.569298,181,26.974665
1400000US06037461501,461501,2023,556,334,60.071941,169,30.395683
1400000US06037461502,461502,2023,777,518,66.666664,281,36.164738
1400000US06037461600,461600,2023,1001,640,63.936066,377,37.662338
1400000US06037461700,461700,2023,70,51,72.85714,28,40
1400000US06037461901,461901,2023,1357,760,56.005894,407,29.99263
1400000US06037461902,461902,2023,1071,567,52.941177,279,26.050421
1400000US06037462001,462001,2023,874,304,34.782608,225,25.743708
1400000US06037462002,462002,2023,905,612,67.624306,313,34.585636
1400000US06037462100,462100,2023,942,425,45.116772,188,19.957537
1400000US06037462201,462201,2023,1725,1110,64.347824,592,34.31884
1400000US06037462202,462202,2023,1377,717,52.069717,441,32.026142
1400000US06037462301,462301,2023,1388,703,50.648415,308,22.190201
1400000US06037462302,462302,2023,1281,727,56.752537,354,27.634661
1400000US06037462400,462400,2023,489,194,39.672802,132,26.993866
1400000US06037462500,462500,2023,509,197,38.703339,62,12.180747
1400000US06037462600,462600,2023,260,73,28.076923,37,14.230769
1400000US06037462700,462700,2023,1602,965,60.237202,529,33.021225
1400000US06037462800,462800,2023,702,370,52.706554,157,22.364672
1400000US06037462900,462900,2023,277,141,50.902527,29,10.469314
1400000US06037463000,463000,2023,497,215,43.259556,110,22.132797
1400000US06037463103,463103,2023,525,284,54.095238,183,34.857143
1400000US06037463200,463200,2023,569,349,61.335678,116,20.386642
1400000US06037463300,463300,2023,341,165,48.387096,80,23.460411
1400000US06037463400,463400,2023,1372,621,45.26239,359,26.166182
1400000US06037463500,463500,2023,1807,878,48.588821,472,26.120642
1400000US06037463601,463601,2023,2531,1184,46.77993,616,24.338205
1400000US06037463602,463602,2023,2611,1113,42.627346,373,14.285714
1400000US06037463700,463700,2023,1135,336,29.603525,128,11.277533
1400000US06037463800,463800,2023,140,62,44.285713,62,44.285713
1400000US06037463900,463900,2023,677,386,57.016247,114,16.838995
1400000US06037464000,464000,2023,786,231,29.389313,79,10.050891
1400000US06037464101,464101,2023,23,6,26.086956,0,0
1400000US06037464102,464102,2023,325,67,20.615385,15,4.6153846
1400000US06037464200,464200,2023,235,159,67.659576,100,42.553192
1400000US06037480002,480002,2023,229,71,31.004366,11,4.8034935
1400000US06037480011,480011,2023,991,621,62.663975,359,36.226036
1400000US06037480012,480012,2023,731,395,54.035568,205,28.043776
1400000US06037480101,480101,2023,566,343,60.600708,213,37.632507
1400000US06037480102,480102,2023,362,137,37.845303,98,27.071823
1400000US06037480201,480201,2023,159,98,61.63522,74,46.540882
1400000US06037480202,480202,2023,159,98,61.63522,17,10.691824
1400000US06037480302,480302,2023,877,384,43.785633,205,23.375143
1400000US06037480303,480303,2023,1229,515,41.903988,258,20.992678
1400000US06037480304,480304,2023,1342,700,52.160954,300,22.354694
1400000US06037480400,480400,2023,1270,795,62.598427,344,27.086615
1400000US06037480500,480500,2023,770,375,48.701298,200,25.974026
1400000US06037480601,480601,2023,1364,556,40.762463,97,7.1114368
1400000US06037480602,480602,2023,1183,437,36.939983,176,14.87743
1400000US06037480702,480702,2023,440,227,51.590908,69,15.681818
1400000US06037480703,480703,2023,507,208,41.025642,87,17.159763
1400000US06037480704,480704,2023,1319,522,39.575436,187,14.177407
1400000US06037480802,480802,2023,263,166,63.11787,125,47.528519
1400000US06037480803,480803,2023,400,233,58.25,149,37.25
1400000US06037480804,480804,2023,1259,575,45.671169,283,22.478157
1400000US06037480901,480901,2023,1126,629,55.861458,342,30.373001
1400000US06037480902,480902,2023,939,598,63.684772,373,39.72311
1400000US06037480903,480903,2023,555,265,47.747749,203,36.576576
1400000US06037481001,481001,2023,1042,670,64.299423,259,24.856047
1400000US06037481002,481002,2023,1389,757,54.499641,272,19.582434
1400000US06037481101,481101,2023,1001,502,50.149849,267,26.673326
1400000US06037481102,481102,2023,1175,589,50.127659,336,28.595745
1400000US06037481103,481103,2023,599,305,50.918198,161,26.87813
1400000US06037481201,481201,2023,717,428,59.693165,249,34.728035
1400000US06037481203,481203,2023,1025,672,65.560974,305,29.756098
1400000US06037481300,481300,2023,262,172,65.648857,45,17.175573
1400000US06037481401,481401,2023,923,458,49.6208,288,31.2026
1400000US06037481403,481403,2023,440,199,45.227272,177,40.227272
1400000US06037481404,481404,2023,486,296,60.90535,193,39.711933
1400000US06037481500,481500,2023,427,305,71.428574,164,38.407494
1400000US06037481603,481603,2023,652,292,44.785275,105,16.104294
1400000US06037481604,481604,2023,848,439,51.768867,212,25
1400000US06037481605,481605,2023,647,263,40.649151,86,13.292117
1400000US06037481606,481606,2023,1225,700,57.142857,448,36.57143
1400000US06037481711,481711,2023,961,634,65.972946,329,34.235172
1400000US06037481712,481712,2023,1112,833,74.910072,497,44.694244
1400000US06037481713,481713,2023,524,247,47.137405,162,30.916031
1400000US06037481714,481714,2023,559,394,70.483002,254,45.438282
1400000US06037481800,481800,2023,71,22,30.985916,0,0
1400000US06037481901,481901,2023,554,292,52.707581,208,37.545128
1400000US06037481902,481902,2023,421,265,62.94537,155,36.817101
1400000US06037482001,482001,2023,78,29,37.179485,17,21.794872
1400000US06037482002,482002,2023,1034,606,58.607349,287,27.756287
1400000US06037482101,482101,2023,704,390,55.397728,186,26.420454
1400000US06037482102,482102,2023,227,90,39.647575,29,12.775331
1400000US06037482201,482201,2023,586,351,59.89761,106,18.088737
1400000US06037482202,482202,2023,1248,727,58.253204,369,29.567308
1400000US06037482301,482301,2023,723,426,58.921162,195,26.970955
1400000US06037482303,482303,2023,841,571,67.895363,258,30.677765
1400000US06037482304,482304,2023,534,279,52.247192,155,29.026217
1400000US06037482401,482401,2023,713,397,55.680225,309,43.338009
1400000US06037482403,482403,2023,611,416,68.085106,232,37.970539
1400000US06037482404,482404,2023,122,101,82.786888,21,17.213116
1400000US06037482502,482502,2023,424,235,55.42453,117,27.594339
1400000US06037482503,482503,2023,497,246,49.496983,133,26.760563
1400000US06037482521,482521,2023,342,159,46.491226,52,15.204679
1400000US06037482522,482522,2023,429,242,56.410255,89,20.74592
1400000US06037482600,482600,2023,566,420,74.204948,276,48.763252
1400000US06037482701,482701,2023,524,255,48.664124,191,36.450382
1400000US06037482702,482702,2023,193,108,55.958549,40,20.725389
1400000US06037482801,482801,2023,348,176,50.574711,75,21.551723
1400000US06037500100,500100,2023,43,43,100,32,74.418602
1400000US06037500202,500202,2023,148,109,73.648651,65,43.918919
1400000US06037500203,500203,2023,121,68,56.198349,12,9.9173555
1400000US06037500204,500204,2023,141,7,4.9645391,0,0
1400000US06037500300,500300,2023,140,93,66.428574,46,32.857143
1400000US06037500402,500402,2023,523,358,68.451241,128,24.474188
1400000US06037500403,500403,2023,20,9,45,0,0
1400000US06037500404,500404,2023,232,127,54.741379,57,24.568966
1400000US06037500500,500500,2023,219,129,58.90411,51,23.287672
1400000US06037500600,500600,2023,326,248,76.073616,116,35.582821
1400000US06037500700,500700,2023,419,180,42.959427,67,15.990454
1400000US06037500800,500800,2023,264,180,68.181816,68,25.757576
1400000US06037500900,500900,2023,839,637,75.923721,336,40.047676
1400000US06037501001,501001,2023,220,131,59.545456,20,9.090909
1400000US06037501002,501002,2023,210,186,88.571426,98,46.666668
1400000US06037501200,501200,2023,481,321,66.73597,97,20.166321
1400000US06037501301,501301,2023,219,100,45.662102,94,42.922375
1400000US06037501302,501302,2023,757,384,50.726551,130,17.173052
1400000US06037501400,501400,2023,611,345,56.464813,201,32.896889
1400000US06037501501,501501,2023,133,57,42.857143,0,0
1400000US06037501503,501503,2023,1460,752,51.506851,339,23.219177
1400000US06037501504,501504,2023,1245,687,55.180721,286,22.971888
1400000US06037501600,501600,2023,752,450,59.840427,139,18.484043
1400000US06037501700,501700,2023,396,185,46.717171,60,15.151515
1400000US06037501802,501802,2023,575,334,58.086956,178,30.956522
1400000US06037501803,501803,2023,1143,719,62.904636,292,25.546806
1400000US06037501804,501804,2023,541,344,63.585953,140,25.878004
1400000US06037501900,501900,2023,208,93,44.71154,33,15.865385
1400000US06037502003,502003,2023,293,211,72.013649,140,47.78157
1400000US06037502004,502004,2023,402,251,62.437813,144,35.820896
1400000US06037502005,502005,2023,314,203,64.649681,67,21.33758
1400000US06037502100,502100,2023,313,179,57.188499,96,30.670927
1400000US06037502200,502200,2023,619,294,47.49596,103,16.639742
1400000US06037502303,502303,2023,680,540,79.411766,201,29.558823
1400000US06037502401,502401,2023,412,263,63.834953,53,12.864078
1400000US06037502402,502402,2023,132,63,47.727272,39,29.545454
1400000US06037502500,502500,2023,375,185,49.333332,102,27.200001
1400000US06037502602,502602,2023,617,455,73.743919,140,22.690437
1400000US06037502603,502603,2023,71,51,71.830986,33,46.478874
1400000US06037502604,502604,2023,85,42,49.411766,0,0
1400000US06037502700,502700,2023,642,228,35.514019,60,9.3457947
1400000US06037502801,502801,2023,167,98,58.682636,20,11.976048
1400000US06037502901,502901,2023,256,96,37.5,58,22.65625
1400000US06037503000,503000,2023,695,267,38.417267,196,28.201439
1400000US06037503103,503103,2023,366,169,46.174862,56,15.300547
1400000US06037503104,503104,2023,110,80,72.727272,29,26.363636
1400000US06037503105,503105,2023,375,130,34.666668,31,8.2666664
1400000US06037503106,503106,2023,427,209,48.946136,121,28.337236
1400000US06037503201,503201,2023,101,89,88.118813,44,43.564358
1400000US06037503202,503202,2023,430,200,46.511627,127,29.534883
1400000US06037503301,503301,2023,126,36,28.571428,0,0
1400000US06037503302,503302,2023,848,501,59.080189,190,22.405661
1400000US06037503401,503401,2023,643,395,61.430794,251,39.03577
1400000US06037503402,503402,2023,365,201,55.068493,86,23.561644
1400000US06037503501,503501,2023,794,386,48.614609,226,28.463476
1400000US06037503502,503502,2023,211,184,87.203789,96,45.497631
1400000US06037503601,503601,2023,280,201,71.785713,65,23.214285
1400000US06037503602,503602,2023,136,81,59.558823,15,11.029411
1400000US06037503701,503701,2023,688,417,60.610466,190,27.61628
1400000US06037503702,503702,2023,592,201,33.952702,94,15.878378
1400000US06037503704,503704,2023,574,368,64.111496,203,35.365852
1400000US06037503705,503705,2023,140,108,77.14286,50,35.714287
1400000US06037503801,503801,2023,305,194,63.606556,117,38.360657
1400000US06037503802,503802,2023,514,291,56.614784,60,11.673152
1400000US06037503901,503901,2023,83,36,43.373493,8,9.6385546
1400000US06037503902,503902,2023,150,87,58,10,6.6666665
1400000US06037504001,504001,2023,368,249,67.66304,41,11.141304
1400000US06037504002,504002,2023,195,23,11.794871,15,7.6923075
1400000US06037504101,504101,2023,494,325,65.789474,174,35.222672
1400000US06037504200,504200,2023,1519,1065,70.111916,502,33.048058
1400000US06037530005,530005,2023,146,83,56.849316,66,45.205479
1400000US06037530006,530006,2023,1160,667,57.5,259,22.327587
1400000US06037530007,530007,2023,538,397,73.791824,281,52.230484
1400000US06037530101,530101,2023,1213,762,62.819454,428,35.28442
1400000US06037530102,530102,2023,877,582,66.362602,277,31.584949
1400000US06037530202,530202,2023,324,249,76.851852,71,21.91358
1400000US06037530203,530203,2023,759,607,79.973648,263,34.650856
1400000US06037530204,530204,2023,853,434,50.87925,227,26.611958
1400000US06037530301,530301,2023,361,191,52.908588,68,18.836565
1400000US06037530302,530302,2023,1130,604,53.451328,348,30.796461
1400000US06037530400,530400,2023,698,357,51.146133,176,25.214899
1400000US06037530500,530500,2023,633,263,41.548183,128,20.221169
1400000US06037530603,530603,2023,524,234,44.65649,123,23.473282
1400000US06037530700,530700,2023,255,141,55.294117,62,24.313726
1400000US06037530801,530801,2023,698,304,43.553009,114,16.332378
1400000US06037530802,530802,2023,340,229,67.352943,99,29.117647
1400000US06037530901,530901,2023,670,334,49.850746,226,33.731342
1400000US06037530902,530902,2023,710,400,56.338028,123,17.323944
1400000US06037531000,531000,2023,579,222,38.341969,87,15.025907
1400000US06037531101,531101,2023,733,361,49.24966,168,22.919508
1400000US06037531102,531102,2023,576,290,50.347221,126,21.875
1400000US06037531201,531201,2023,883,305,34.541336,132,14.949038
1400000US06037531202,531202,2023,929,491,52.852531,298,32.077503
1400000US06037531301,531301,2023,1013,468,46.199409,218,21.520237
1400000US06037531302,531302,2023,834,506,60.671463,224,26.858513
1400000US06037531502,531502,2023,597,373,62.479061,165,27.638191
1400000US06037531503,531503,2023,557,188,33.752243,123,22.082584
1400000US06037531504,531504,2023,660,370,56.060608,255,38.636364
1400000US06037531602,531602,2023,689,318,46.153847,185,26.850508
1400000US06037531603,531603,2023,580,271,46.724136,104,17.931034
1400000US06037531604,531604,2023,546,329,60.256409,194,35.531136
1400000US06037531701,531701,2023,832,419,50.360577,196,23.557692
1400000US06037531702,531702,2023,864,464,53.703705,161,18.63426
1400000US06037531800,531800,2023,993,356,35.850956,161,16.213495
1400000US06037531901,531901,2023,1158,667,57.599308,299,25.820379
1400000US06037531902,531902,2023,632,326,51.582279,148,23.417721
1400000US06037532001,532001,2023,563,361,64.120781,135,23.978685
1400000US06037532002,532002,2023,543,228,41.988949,143,26.335175
1400000US06037532101,532101,2023,1379,953,69.108047,440,31.907179
1400000US06037532102,532102,2023,283,210,74.204948,109,38.5159
1400000US06037532200,532200,2023,1157,601,51.944683,204,17.631807
1400000US06037532302,532302,2023,317,221,69.716087,140,44.16404
1400000US06037532303,532303,2023,680,340,50,228,33.529411
1400000US06037532304,532304,2023,582,349,59.965637,149,25.601374
1400000US06037532500,532500,2023,608,459,75.493423,173,28.453947
1400000US06037532605,532605,2023,1030,546,53.009708,288,27.961164
1400000US06037532606,532606,2023,1104,616,55.7971,375,33.967392
1400000US06037532607,532607,2023,1110,661,59.549549,455,40.99099
1400000US06037532700,532700,2023,519,253,48.747593,148,28.516378
1400000US06037532800,532800,2023,629,429,68.203499,228,36.248013
1400000US06037532900,532900,2023,1242,864,69.565216,447,35.990337
1400000US06037533001,533001,2023,649,273,42.064716,87,13.405239
1400000US06037533002,533002,2023,342,243,71.052635,141,41.228069
1400000US06037533103,533103,2023,657,416,63.318111,187,28.462709
1400000US06037533104,533104,2023,1091,616,56.46196,197,18.056829
1400000US06037533105,533105,2023,579,378,65.284973,143,24.697754
1400000US06037533108,533108,2023,1006,561,55.765408,257,25.546721
1400000US06037533201,533201,2023,404,191,47.277229,84,20.79208
1400000US06037533204,533204,2023,701,331,47.218258,243,34.664764
1400000US06037533300,533300,2023,614,415,67.589577,313,50.9772
1400000US06037533401,533401,2023,896,401,44.754463,241,26.897322
1400000US06037533402,533402,2023,754,384,50.928383,203,26.923077
1400000US06037533403,533403,2023,425,241,56.705883,81,19.058823
1400000US06037533501,533501,2023,577,230,39.861351,126,21.837088
1400000US06037533504,533504,2023,706,449,63.597733,217,30.736544
1400000US06037533601,533601,2023,1001,523,52.247753,283,28.271729
1400000US06037533602,533602,2023,1059,654,61.756374,221,20.868744
1400000US06037533603,533603,2023,1209,849,70.223328,530,43.837883
1400000US06037533701,533701,2023,514,243,47.276264,129,25.097277
1400000US06037533702,533702,2023,619,329,53.150242,253,40.872375
1400000US06037533703,533703,2023,521,356,68.330132,109,20.921305
1400000US06037533803,533803,2023,1094,670,61.243145,552,50.457039
1400000US06037533804,533804,2023,653,397,60.796326,199,30.474731
1400000US06037533805,533805,2023,722,472,65.373962,218,30.193905
1400000US06037533806,533806,2023,557,364,65.35009,165,29.62298
1400000US06037533901,533901,2023,1137,744,65.435356,478,42.040459
1400000US06037533902,533902,2023,719,456,63.421417,236,32.823364
1400000US06037534001,534001,2023,1009,438,43.409317,220,21.803766
1400000US06037534002,534002,2023,718,435,60.584957,209,29.108635
1400000US06037534101,534101,2023,281,104,37.010677,61,21.708185
1400000US06037534102,534102,2023,1237,761,61.519806,463,37.429264
1400000US06037534201,534201,2023,741,511,68.960861,301,40.620781
1400000US06037534202,534202,2023,939,584,62.193825,326,34.717785
1400000US06037534203,534203,2023,694,483,69.596542,193,27.809799
1400000US06037534301,534301,2023,981,673,68.603462,344,35.066257
1400000US06037534302,534302,2023,797,516,64.742783,284,35.633625
1400000US06037534403,534403,2023,729,488,66.941017,244,33.470509
1400000US06037534404,534404,2023,588,297,50.510204,173,29.421768
1400000US06037534405,534405,2023,739,539,72.936401,237,32.070366
1400000US06037534406,534406,2023,986,594,60.243408,255,25.862068
1400000US06037534501,534501,2023,881,509,57.775257,235,26.674234
1400000US06037534502,534502,2023,370,178,48.108109,109,29.459459
1400000US06037534700,534700,2023,290,170,58.620689,109,37.586208
1400000US06037534802,534802,2023,270,185,68.518517,90,33.333332
1400000US06037534803,534803,2023,667,425,63.71814,261,39.130436
1400000US06037534804,534804,2023,534,317,59.363297,171,32.022472
1400000US06037534900,534900,2023,944,398,42.161018,170,18.008474
1400000US06037535001,535001,2023,639,445,69.64006,193,30.203444
1400000US06037535002,535002,2023,573,332,57.940662,177,30.890053
1400000US06037535101,535101,2023,1170,649,55.470085,330,28.205128
1400000US06037535102,535102,2023,569,445,78.207382,210,36.906853
1400000US06037535200,535200,2023,573,458,79.930191,190,33.158813
1400000US06037535300,535300,2023,522,407,77.969345,188,36.015327
1400000US06037535400,535400,2023,387,245,63.307495,168,43.410854
1400000US06037535501,535501,2023,682,439,64.369499,217,31.818182
1400000US06037535502,535502,2023,929,441,47.470398,241,25.941874
1400000US06037535503,535503,2023,359,153,42.618385,69,19.220057
1400000US06037535603,535603,2023,698,401,57.449856,245,35.100288
1400000US06037535604,535604,2023,580,288,49.655174,164,28.275862
1400000US06037535605,535605,2023,759,283,37.285904,76,10.013175
1400000US06037535606,535606,2023,286,175,61.188812,94,32.867134
1400000US06037535607,535607,2023,354,183,51.694916,55,15.536723
1400000US06037535701,535701,2023,920,474,51.52174,297,32.282608
1400000US06037535702,535702,2023,1026,499,48.635479,299,29.1423
1400000US06037535802,535802,2023,751,316,42.077229,196,26.098536
1400000US06037535803,535803,2023,646,476,73.684212,121,18.73065
1400000US06037535804,535804,2023,888,525,59.12162,287,32.31982
1400000US06037535901,535901,2023,763,608,79.685455,447,58.584534
1400000US06037535902,535902,2023,420,168,40,75,17.857143
1400000US06037536000,536000,2023,679,402,59.204712,288,42.415318
1400000US06037536102,536102,2023,235,220,93.61702,143,60.851063
1400000US06037536103,536103,2023,703,443,63.015648,274,38.975819
1400000US06037536104,536104,2023,698,341,48.853867,164,23.495703
1400000US06037536201,536201,2023,333,177,53.153152,90,27.027027
1400000US06037536202,536202,2023,584,265,45.376713,104,17.80822
1400000US06037540000,540000,2023,799,439,54.94368,248,31.038799
1400000US06037540101,540101,2023,499,285,57.114227,142,28.456913
1400000US06037540102,540102,2023,270,118,43.703705,70,25.925926
1400000US06037540201,540201,2023,431,269,62.412994,126,29.234339
1400000US06037540202,540202,2023,1145,741,64.716156,397,34.672489
1400000US06037540203,540203,2023,902,606,67.184036,321,35.587582
1400000US06037540300,540300,2023,442,307,69.457016,110,24.886877
1400000US06037540400,540400,2023,206,131,63.592232,83,40.291264
1400000US06037540501,540501,2023,339,274,80.825958,178,52.507374
1400000US06037540502,540502,2023,1390,903,64.964027,518,37.266186
1400000US06037540600,540600,2023,727,580,79.779915,359,49.38102
1400000US06037540700,540700,2023,478,281,58.78661,136,28.451883
1400000US06037540800,540800,2023,498,292,58.634537,199,39.959839
1400000US06037540901,540901,2023,477,313,65.618446,112,23.480083
1400000US06037540902,540902,2023,568,279,49.119717,191,33.626762
1400000US06037541003,541003,2023,259,124,47.87645,95,36.679535
1400000US06037541100,541100,2023,318,139,43.710693,79,24.842768
1400000US06037541200,541200,2023,391,197,50.383633,142,36.317135
1400000US06037541300,541300,2023,227,183,80.616737,119,52.422909
1400000US06037541401,541401,2023,680,502,73.823532,198,29.117647
1400000US06037541402,541402,2023,319,235,73.667709,89,27.899687
1400000US06037541500,541500,2023,872,460,52.752293,170,19.495413
1400000US06037541603,541603,2023,418,205,49.04306,97,23.205742
1400000US06037541604,541604,2023,906,635,70.088303,390,43.046356
1400000US06037541605,541605,2023,732,438,59.836067,270,36.885246
1400000US06037541606,541606,2023,458,236,51.528385,202,44.104805
1400000US06037541700,541700,2023,417,192,46.043167,138,33.093525
1400000US06037541801,541801,2023,655,362,55.267174,222,33.893131
1400000US06037541802,541802,2023,294,246,83.67347,108,36.734695
1400000US06037542000,542000,2023,337,164,48.664688,67,19.881306
1400000US06037542103,542103,2023,346,184,53.179192,85,24.566475
1400000US06037542104,542104,2023,385,218,56.623375,123,31.948051
1400000US06037542105,542105,2023,603,346,57.379768,215,35.65506
1400000US06037542106,542106,2023,427,214,50.117096,143,33.48946
1400000US06037542200,542200,2023,326,245,75.153374,144,44.17178
1400000US06037542401,542401,2023,275,212,77.090912,95,34.545456
1400000US06037542402,542402,2023,403,195,48.387096,162,40.198513
1400000US06037542501,542501,2023,636,311,48.899372,134,21.069181
1400000US06037542502,542502,2023,776,378,48.711342,208,26.804123
1400000US06037542601,542601,2023,551,309,56.079853,186,33.756805
1400000US06037542602,542602,2023,753,460,61.088978,219,29.083666
1400000US06037542700,542700,2023,423,220,52.009457,114,26.950356
1400000US06037542800,542800,2023,168,118,70.238098,25,14.880953
1400000US06037542900,542900,2023,243,143,58.847736,39,16.049383
1400000US06037543000,543000,2023,329,289,87.841942,205,62.310032
1400000US06037543100,543100,2023,257,126,49.027237,103,40.07782
1400000US06037543201,543201,2023,251,129,51.394421,67,26.693228
1400000US06037543203,543203,2023,634,420,66.246056,335,52.839115
1400000US06037543304,543304,2023,245,75,30.612246,54,22.040817
1400000US06037543305,543305,2023,169,96,56.804733,0,0
1400000US06037543306,543306,2023,343,128,37.317783,47,13.702624
1400000US06037543321,543321,2023,433,248,57.274826,224,51.732101
1400000US06037543322,543322,2023,136,6,4.4117646,0,0
1400000US06037543400,543400,2023,134,105,78.358208,61,45.522388
1400000US06037543501,543501,2023,857,388,45.274212,204,23.803967
1400000US06037543502,543502,2023,397,262,65.994965,122,30.730478
1400000US06037543503,543503,2023,588,245,41.666668,93,15.816326
1400000US06037543601,543601,2023,357,143,40.056023,36,10.084034
1400000US06037543603,543603,2023,102,102,100,102,100
1400000US06037543605,543605,2023,289,160,55.363323,94,32.525951
1400000US06037543606,543606,2023,518,320,61.776062,190,36.679535
1400000US06037543607,543607,2023,145,115,79.310349,101,69.655174
1400000US06037543701,543701,2023,137,74,54.014599,19,13.868613
1400000US06037543703,543703,2023,359,169,47.075211,119,33.147633
1400000US06037543704,543704,2023,225,164,72.888885,84,37.333332
1400000US06037543705,543705,2023,317,182,57.41325,63,19.873817
1400000US06037543801,543801,2023,265,83,31.320755,34,12.830189
1400000US06037543803,543803,2023,615,462,75.121948,175,28.455284
1400000US06037543804,543804,2023,302,144,47.682117,100,33.112583
1400000US06037543903,543903,2023,282,108,38.297871,80,28.368793
1400000US06037543905,543905,2023,489,330,67.484665,199,40.695297
1400000US06037544001,544001,2023,259,157,60.61776,34,13.127413
1400000US06037544002,544002,2023,246,114,46.341465,55,22.357723
1400000US06037550101,550101,2023,96,48,50,32,33.333332
1400000US06037550201,550201,2023,311,136,43.729904,59,18.971062
1400000US06037550202,550202,2023,306,132,43.137257,88,28.758169
1400000US06037550301,550301,2023,415,306,73.73494,192,46.26506
1400000US06037550501,550501,2023,527,356,67.552185,151,28.652752
1400000US06037550502,550502,2023,221,184,83.257919,7,3.1674209
1400000US06037550601,550601,2023,860,317,36.860466,258,30
1400000US06037550602,550602,2023,229,131,57.205238,75,32.751091
1400000US06037550700,550700,2023,538,147,27.32342,80,14.869888
1400000US06037550801,550801,2023,627,474,75.598083,8,1.2759171
1400000US06037550802,550802,2023,284,139,48.943661,117,41.197182
1400000US06037550901,550901,2023,1091,534,48.945923,214,19.615032
1400000US06037550902,550902,2023,1294,682,52.704792,310,23.956724
1400000US06037551001,551001,2023,264,145,54.924244,29,10.984848
1400000US06037551002,551002,2023,423,168,39.716312,53,12.529551
1400000US06037551101,551101,2023,724,357,49.309391,150,20.718231
1400000US06037551102,551102,2023,1697,1102,64.938126,486,28.638775
1400000US06037551201,551201,2023,586,494,84.300339,204,34.812286
1400000US06037551203,551203,2023,265,195,73.584908,105,39.622643
1400000US06037551204,551204,2023,587,408,69.505966,126,21.465076
1400000US06037551300,551300,2023,1540,897,58.246754,532,34.545456
1400000US06037551401,551401,2023,725,415,57.241379,256,35.310345
1400000US06037551402,551402,2023,535,351,65.607475,240,44.859814
1400000US06037551501,551501,2023,648,350,54.012344,148,22.839506
1400000US06037551502,551502,2023,684,403,58.918129,190,27.777779
1400000US06037551700,551700,2023,536,301,56.156715,125,23.320896
1400000US06037551801,551801,2023,361,209,57.894737,123,34.072021
1400000US06037551802,551802,2023,823,655,79.586876,168,20.413122
1400000US06037551900,551900,2023,190,141,74.210526,124,65.263161
1400000US06037552001,552001,2023,242,149,61.570248,74,30.578512
1400000US06037552002,552002,2023,457,161,35.229759,65,14.223195
1400000US06037552100,552100,2023,610,356,58.360657,181,29.672131
1400000US06037552200,552200,2023,1189,808,67.956268,498,41.883938
1400000US06037552301,552301,2023,315,171,54.285713,95,30.15873
1400000US06037552302,552302,2023,518,319,61.583012,202,38.99614
1400000US06037552400,552400,2023,62,52,83.870964,9,14.516129
1400000US06037552601,552601,2023,364,207,56.868134,186,51.0989
1400000US06037552602,552602,2023,445,182,40.898876,128,28.764046
1400000US06037552700,552700,2023,389,239,61.43959,97,24.935732
1400000US06037552800,552800,2023,418,242,57.894737,108,25.83732
1400000US06037552900,552900,2023,768,465,60.546875,258,33.59375
1400000US06037553000,553000,2023,117,23,19.658119,0,0
1400000US06037553100,553100,2023,802,410,51.122196,276,34.413963
1400000US06037553201,553201,2023,315,145,46.031746,116,36.825397
1400000US06037553202,553202,2023,315,234,74.285713,141,44.761906
1400000US06037553300,553300,2023,170,36,21.17647,8,4.7058825
1400000US06037553400,553400,2023,432,261,60.416668,41,9.4907408
1400000US06037553502,553502,2023,716,291,40.64246,126,17.597765
1400000US06037553503,553503,2023,488,360,73.770493,126,25.819672
1400000US06037553504,553504,2023,440,274,62.272728,129,29.318182
1400000US06037553601,553601,2023,733,474,64.665756,348,47.476124
1400000US06037553602,553602,2023,924,608,65.800865,240,25.974026
1400000US06037553701,553701,2023,511,237,46.379646,178,34.83366
1400000US06037553702,553702,2023,582,350,60.137459,233,40.034363
1400000US06037553801,553801,2023,692,518,74.855492,322,46.531792
1400000US06037553802,553802,2023,902,544,60.310421,246,27.272728
1400000US06037553901,553901,2023,778,397,51.028278,220,28.277636
1400000US06037553902,553902,2023,1070,615,57.476635,333,31.121496
1400000US06037554001,554001,2023,487,242,49.69199,36,7.3921971
1400000US06037554002,554002,2023,1126,671,59.591473,366,32.50444
1400000US06037554101,554101,2023,611,325,53.19149,190,31.096563
1400000US06037554105,554105,2023,1374,947,68.922852,559,40.684135
1400000US06037554106,554106,2023,718,391,54.456825,193,26.880222
1400000US06037554201,554201,2023,420,256,60.952381,76,18.095238
1400000US06037554203,554203,2023,877,540,61.573547,393,44.811859
1400000US06037554204,554204,2023,1460,845,57.876713,514,35.205479
1400000US06037554301,554301,2023,564,371,65.780144,107,18.971632
1400000US06037554302,554302,2023,812,432,53.201969,136,16.748768
1400000US06037554403,554403,2023,1245,660,53.012047,414,33.253014
1400000US06037554404,554404,2023,1007,591,58.689175,287,28.500496
1400000US06037554405,554405,2023,1188,811,68.265991,485,40.824917
1400000US06037554406,554406,2023,745,420,56.375839,132,17.718121
1400000US06037554511,554511,2023,345,105,30.434782,85,24.637682
1400000US06037554512,554512,2023,663,178,26.847662,65,9.8039217
1400000US06037554513,554513,2023,188,104,55.319149,37,19.680851
1400000US06037554514,554514,2023,535,125,23.364487,57,10.654205
1400000US06037554515,554515,2023,123,59,47.96748,23,18.699186
1400000US06037554516,554516,2023,187,92,49.197861,50,26.737968
1400000US06037554517,554517,2023,525,276,52.57143,187,35.619049
1400000US06037554518,554518,2023,268,155,57.835819,107,39.925373
1400000US06037554519,554519,2023,54,17,31.481482,17,31.481482
1400000US06037554521,554521,2023,605,349,57.685951,186,30.743801
1400000US06037554522,554522,2023,247,44,17.813765,0,0
1400000US06037554600,554600,2023,446,277,62.107624,110,24.663677
1400000US06037554700,554700,2023,168,82,48.809525,39,23.214285
1400000US06037554801,554801,2023,256,91,35.546875,67,26.171875
1400000US06037554802,554802,2023,714,332,46.4986,177,24.789915
1400000US06037554900,554900,2023,1001,608,60.739262,376,37.562439
1400000US06037555001,555001,2023,678,347,51.179939,162,23.893805
1400000US06037555002,555002,2023,676,404,59.763313,221,32.692307
1400000US06037555105,555105,2023,1022,547,53.522507,256,25.048923
1400000US06037555106,555106,2023,560,380,67.85714,154,27.5
1400000US06037555107,555107,2023,640,376,58.75,224,35
1400000US06037555202,555202,2023,138,93,67.391304,12,8.695652
1400000US06037555211,555211,2023,781,414,53.008965,283,36.235596
1400000US06037555212,555212,2023,668,329,49.251495,158,23.652695
1400000US06037555300,555300,2023,117,84,71.794868,34,29.05983
1400000US06037570001,570001,2023,272,163,59.926472,40,14.705882
1400000US06037570002,570002,2023,114,32,28.070175,7,6.1403508
1400000US06037570003,570003,2023,186,129,69.354836,19,10.215054
1400000US06037570100,570100,2023,200,154,77,91,45.5
1400000US06037570202,570202,2023,577,443,76.776428,383,66.377815
1400000US06037570203,570203,2023,885,597,67.457626,280,31.638418
1400000US06037570204,570204,2023,803,422,52.552925,184,22.914072
1400000US06037570303,570303,2023,792,525,66.28788,145,18.308081
1400000US06037570304,570304,2023,1088,584,53.676472,303,27.849264
1400000US06037570305,570305,2023,1015,695,68.472908,304,29.950739
1400000US06037570306,570306,2023,288,150,52.083332,121,42.013889
1400000US06037570402,570402,2023,240,145,60.416668,124,51.666668
1400000US06037570403,570403,2023,637,304,47.723705,176,27.629513
1400000US06037570404,570404,2023,252,171,67.85714,114,45.238094
1400000US06037570502,570502,2023,865,554,64.046242,271,31.329479
1400000US06037570503,570503,2023,413,136,32.929783,86,20.823244
1400000US06037570504,570504,2023,220,123,55.909092,62,28.181818
1400000US06037570601,570601,2023,924,479,51.839828,241,26.082251
1400000US06037570602,570602,2023,812,508,62.561577,405,49.876846
1400000US06037570603,570603,2023,1353,833,61.566887,550,40.650406
1400000US06037570701,570701,2023,1242,652,52.495975,343,27.616747
1400000US06037570703,570703,2023,111,84,75.675674,26,23.423424
1400000US06037570800,570800,2023,270,153,56.666668,34,12.592592
1400000US06037570901,570901,2023,118,79,66.94915,39,33.050846
1400000US06037570902,570902,2023,345,156,45.217392,144,41.739132
1400000US06037571000,571000,2023,185,117,63.243244,43,23.243244
1400000US06037571101,571101,2023,192,133,69.270836,75,39.0625
1400000US06037571102,571102,2023,214,123,57.476635,30,14.018692
1400000US06037571201,571201,2023,417,179,42.925659,0,0
1400000US06037571202,571202,2023,656,375,57.164635,152,23.170732
1400000US06037571300,571300,2023,166,120,72.289154,38,22.891565
1400000US06037571400,571400,2023,632,307,48.575951,106,16.772152
1400000US06037571502,571502,2023,825,489,59.272728,199,24.121212
1400000US06037571504,571504,2023,724,422,58.287292,210,29.005526
1400000US06037571505,571505,2023,432,224,51.851852,91,21.064816
1400000US06037571600,571600,2023,750,401,53.466667,108,14.4
1400000US06037571701,571701,2023,1020,610,59.803921,411,40.294117
1400000US06037571703,571703,2023,586,377,64.334473,123,20.989761
1400000US06037571704,571704,2023,678,466,68.73156,258,38.053097
1400000US06037571800,571800,2023,465,254,54.623657,157,33.763439
1400000US06037571900,571900,2023,1033,373,36.108421,218,21.103582
1400000US06037572001,572001,2023,651,445,68.356377,298,45.77573
1400000US06037572201,572201,2023,615,416,67.642273,220,35.772358
1400000US06037572202,572202,2023,366,181,49.453552,143,39.071037
1400000US06037572301,572301,2023,382,201,52.617802,141,36.910995
1400000US06037572500,572500,2023,1059,475,44.853634,270,25.49575
1400000US06037572600,572600,2023,278,40,14.388489,27,9.7122307
1400000US06037572700,572700,2023,411,187,45.498783,100,24.3309
1400000US06037573002,573002,2023,896,569,63.504463,204,22.767857
1400000US06037573003,573003,2023,309,158,51.132687,111,35.922329
1400000US06037573004,573004,2023,1373,914,66.569557,539,39.257103
1400000US06037573101,573101,2023,1115,680,60.986546,326,29.237669
1400000US06037573102,573102,2023,458,228,49.781658,49,10.69869
1400000US06037573201,573201,2023,876,587,67.009132,325,37.100456
1400000US06037573202,573202,2023,1028,512,49.805447,182,17.704281
1400000US06037573300,573300,2023,700,397,56.714287,281,40.142857
1400000US06037573401,573401,2023,287,171,59.581882,99,34.494774
1400000US06037573402,573402,2023,1708,613,35.889931,129,7.5526934
1400000US06037573403,573403,2023,221,44,19.909502,0,0
1400000US06037573601,573601,2023,163,8,4.9079757,8,4.9079757
1400000US06037573700,573700,2023,215,99,46.046513,30,13.953488
1400000US06037573800,573800,2023,157,79,50.31847,28,17.834394
1400000US06037573902,573902,2023,104,34,32.692307,28,26.923077
1400000US06037574000,574000,2023,119,24,20.168068,8,6.7226892
1400000US06037574100,574100,2023,330,183,55.454544,69,20.90909
1400000US06037574201,574201,2023,165,129,78.181816,26,15.757576
1400000US06037574202,574202,2023,347,127,36.599422,60,17.291067
1400000US06037574300,574300,2023,843,294,34.875446,117,13.879004
1400000US06037574400,574400,2023,189,120,63.492062,18,9.5238094
1400000US06037574500,574500,2023,216,52,24.074074,19,8.7962961
1400000US06037574602,574602,2023,72,39,54.166668,31,43.055557
1400000US06037574800,574800,2023,596,262,43.959732,131,21.979866
1400000US06037574901,574901,2023,405,94,23.209877,28,6.9135804
1400000US06037574902,574902,2023,1410,835,59.219856,438,31.063829
1400000US06037575001,575001,2023,1065,628,58.967136,330,30.985916
1400000US06037575002,575002,2023,1209,611,50.537636,282,23.325062
1400000US06037575101,575101,2023,1116,843,75.537636,319,28.584229
1400000US06037575102,575102,2023,1021,743,72.77179,446,43.682663
1400000US06037575103,575103,2023,1787,1070,59.876888,343,19.19418
1400000US06037575201,575201,2023,952,668,70.168068,338,35.5042
1400000US06037575202,575202,2023,855,490,57.30994,307,35.906433
1400000US06037575300,575300,2023,1169,785,67.151413,464,39.692043
1400000US06037575401,575401,2023,1205,657,54.522823,322,26.721992
1400000US06037575402,575402,2023,838,471,56.20525,335,39.976135
1400000US06037575801,575801,2023,731,497,67.989059,306,41.860466
1400000US06037575802,575802,2023,1170,847,72.393166,475,40.598289
1400000US06037575803,575803,2023,1147,866,75.501305,414,36.094158
1400000US06037575901,575901,2023,931,589,63.265305,430,46.186897
1400000US06037575902,575902,2023,2622,1598,60.945843,757,28.87109
1400000US06037576001,576001,2023,2862,1267,44.269741,541,18.902864
1400000US06037576200,576200,2023,2630,1769,67.26236,778,29.581749
1400000US06037576301,576301,2023,1607,1055,65.650284,589,36.652145
1400000US06037576302,576302,2023,837,482,57.58662,236,28.195938
1400000US06037576401,576401,2023,1184,636,53.716217,431,36.402027
1400000US06037576402,576402,2023,979,702,71.705826,435,44.433094
1400000US06037576403,576403,2023,1133,621,54.810238,382,33.715797
1400000US06037576501,576501,2023,1216,749,61.595394,376,30.921053
1400000US06037576502,576502,2023,1741,953,54.738655,499,28.661688
1400000US06037576503,576503,2023,1371,844,61.560905,301,21.954777
1400000US06037576601,576601,2023,1754,1112,63.397949,601,34.264538
1400000US06037576602,576602,2023,2293,1329,57.959007,549,23.942434
1400000US06037576700,576700,2023,1292,638,49.380806,157,12.151703
1400000US06037576801,576801,2023,1418,762,53.737659,285,20.09873
1400000US06037576802,576802,2023,1358,587,43.22533,308,22.680412
1400000US06037576901,576901,2023,1444,790,54.709141,412,28.531857
1400000US06037576903,576903,2023,1291,699,54.144073,350,27.110767
1400000US06037576904,576904,2023,834,527,63.189449,344,41.247002
1400000US06037577000,577000,2023,2575,1280,49.708736,768,29.825243
1400000US06037577100,577100,2023,2389,1175,49.183758,474,19.840939
1400000US06037577200,577200,2023,2280,852,37.36842,296,12.982456
1400000US06037577300,577300,2023,2783,1064,38.232124,343,12.324829
1400000US06037577400,577400,2023,812,287,35.344826,134,16.502462
1400000US06037577501,577501,2023,585,288,49.23077,192,32.820515
1400000US06037577504,577504,2023,425,281,66.117645,157,36.941177
1400000US06037577602,577602,2023,507,263,51.873768,136,26.824457
1400000US06037577604,577604,2023,100,59,59,26,26
1400000US06037577605,577605,2023,510,202,39.607841,83,16.274509
1400000US06037577606,577606,2023,994,429,43.158955,183,18.410463
1400000US06037577700,577700,2023,456,133,29.166666,47,10.307017
1400000US06037577800,577800,2023,205,100,48.780487,7,3.4146342
1400000US06037577900,577900,2023,1350,901,66.740738,500,37.037037
1400000US06037578000,578000,2023,968,608,62.809917,316,32.644627
1400000US06037578100,578100,2023,0,0,,0,
1400000US06037599000,599000,2023,730,399,54.657536,129,17.671232
1400000US06037599100,599100,2023,39,27,69.230766,17,43.589745
1400000US06037600100,600100,2023,1634,1055,64.565483,626,38.310894
1400000US06037600201,600201,2023,983,529,53.814854,365,37.131229
1400000US06037600202,600202,2023,1534,1202,78.357239,924,60.23468
1400000US06037600302,600302,2023,355,170,47.887325,112,31.549295
1400000US06037600303,600303,2023,1100,743,67.545456,521,47.363636
1400000US06037600304,600304,2023,845,615,72.781067,327,38.698223
1400000US06037600400,600400,2023,763,525,68.807343,395,51.769333
1400000US06037600501,600501,2023,302,235,77.814568,167,55.298012
1400000US06037600601,600601,2023,323,200,61.919506,159,49.226006
1400000US06037600602,600602,2023,671,437,65.126678,185,27.570789
1400000US06037600702,600702,2023,472,316,66.94915,158,33.474575
1400000US06037600703,600703,2023,94,61,64.893616,45,47.872341
1400000US06037600704,600704,2023,704,480,68.181816,265,37.642044
1400000US06037600801,600801,2023,332,180,54.216869,57,17.168674
1400000US06037600802,600802,2023,700,493,70.428574,224,32
1400000US06037600902,600902,2023,2040,1277,62.598038,592,29.019608
1400000US06037600911,600911,2023,611,324,53.027824,195,31.914894
1400000US06037600912,600912,2023,610,323,52.950821,78,12.786885
1400000US06037601001,601001,2023,791,411,51.959545,138,17.44627
1400000US06037601002,601002,2023,1415,756,53.427563,509,35.971733
1400000US06037601100,601100,2023,1719,1170,68.062828,590,34.322281
1400000US06037601202,601202,2023,364,254,69.78022,158,43.406593
1400000US06037601211,601211,2023,820,536,65.365852,321,39.146343
1400000US06037601212,601212,2023,1420,733,51.619717,342,24.084507
1400000US06037601301,601301,2023,286,149,52.0979,84,29.37063
1400000US06037601302,601302,2023,1862,1003,53.86681,551,29.591837
1400000US06037601303,601303,2023,1779,1272,71.500847,575,32.321529
1400000US06037601401,601401,2023,1333,781,58.589649,290,21.75544
1400000US06037601402,601402,2023,633,323,51.026855,245,38.704582
1400000US06037601501,601501,2023,817,413,50.550797,305,37.331703
1400000US06037601502,601502,2023,540,262,48.51852,130,24.074074
1400000US06037601600,601600,2023,904,547,60.50885,352,38.938053
1400000US06037601700,601700,2023,998,669,67.034065,364,36.472946
1400000US06037601801,601801,2023,573,295,51.483421,200,34.904015
1400000US06037601802,601802,2023,540,230,42.592594,100,18.518518
1400000US06037601900,601900,2023,838,521,62.171837,234,27.923628
1400000US06037602002,602002,2023,550,308,56,194,35.272728
1400000US06037602003,602003,2023,736,436,59.239132,274,37.22826
1400000US06037602103,602103,2023,1421,1054,74.173119,647,45.531315
1400000US06037602104,602104,2023,1302,809,62.135178,428,32.872505
1400000US06037602105,602105,2023,1235,749,60.647774,469,37.975708
1400000US06037602106,602106,2023,1887,964,51.08638,448,23.741388
1400000US06037602201,602201,2023,668,329,49.251495,164,24.550898
1400000US06037602202,602202,2023,722,352,48.753464,107,14.819944
1400000US06037602301,602301,2023,483,309,63.975155,140,28.985508
1400000US06037602302,602302,2023,247,80,32.388664,48,19.433199
1400000US06037602402,602402,2023,1100,449,40.81818,162,14.727273
1400000US06037602403,602403,2023,1232,714,57.954544,373,30.275974
1400000US06037602404,602404,2023,1393,794,56.999283,422,30.294329
1400000US06037602504,602504,2023,1652,958,57.990314,488,29.539951
1400000US06037602505,602505,2023,1491,793,53.18578,418,28.034876
1400000US06037602506,602506,2023,1506,742,49.269588,585,38.84462
1400000US06037602507,602507,2023,1614,1027,63.63073,499,30.916977
1400000US06037602510,602510,2023,1084,678,62.546127,371,34.225094
1400000US06037602511,602511,2023,1344,1034,76.934525,503,37.425594
1400000US06037602512,602512,2023,294,143,48.639454,54,18.367348
1400000US06037602513,602513,2023,449,270,60.133629,134,29.844097
1400000US06037602601,602601,2023,598,438,73.244148,220,36.789299
1400000US06037602602,602602,2023,460,347,75.434784,256,55.652172
1400000US06037602700,602700,2023,200,80,40,37,18.5
1400000US06037602801,602801,2023,950,664,69.894737,365,38.421051
1400000US06037602802,602802,2023,150,81,54,56,37.333332
1400000US06037602900,602900,2023,565,105,18.58407,73,12.920354
1400000US06037603004,603004,2023,520,311,59.807693,157,30.192308
1400000US06037603005,603005,2023,1357,866,63.817245,418,30.803242
1400000US06037603006,603006,2023,449,167,37.193764,97,21.603563
1400000US06037603007,603007,2023,629,502,79.809219,181,28.775835
1400000US06037603008,603008,2023,692,199,28.757225,126,18.208092
1400000US06037603101,603101,2023,1073,634,59.086674,449,41.845295
1400000US06037603102,603102,2023,848,565,66.627357,201,23.702829
1400000US06037603200,603200,2023,425,215,50.588234,43,10.117647
1400000US06037603301,603301,2023,895,444,49.60894,281,31.396648
1400000US06037603302,603302,2023,616,263,42.694805,93,15.097403
1400000US06037603400,603400,2023,564,258,45.744682,147,26.063829
1400000US06037603500,603500,2023,276,152,55.072464,105,38.04348
1400000US06037603600,603600,2023,278,174,62.589928,33,11.870503
1400000US06037603702,603702,2023,151,68,45.033112,31,20.5298
1400000US06037603703,603703,2023,57,7,12.280702,0,0
1400000US06037603705,603705,2023,594,398,67.003365,160,26.936028
1400000US06037603706,603706,2023,1000,623,62.299999,103,10.3
1400000US06037603801,603801,2023,965,670,69.430054,365,37.823833
1400000US06037603802,603802,2023,624,306,49.03846,169,27.083334
1400000US06037603901,603901,2023,600,205,34.166668,72,12
1400000US06037603902,603902,2023,647,383,59.196289,212,32.766617
1400000US06037604001,604001,2023,738,376,50.948509,175,23.712738
1400000US06037604002,604002,2023,1058,717,67.769379,405,38.279774
1400000US06037604101,604101,2023,808,526,65.099007,191,23.638615
1400000US06037604102,604102,2023,496,185,37.298386,129,26.008064
1400000US06037604200,604200,2023,838,498,59.427208,113,13.484487
1400000US06037609900,609900,2023,287,147,51.219513,72,25.087109
1400000US06037620001,620001,2023,840,362,43.095238,85,10.119047
1400000US06037620002,620002,2023,919,462,50.272034,190,20.674646
1400000US06037620101,620101,2023,903,310,34.330009,101,11.184939
1400000US06037620102,620102,2023,1342,316,23.546946,139,10.357676
1400000US06037620201,620201,2023,603,187,31.011608,60,9.9502487
1400000US06037620301,620301,2023,293,187,63.822525,144,49.146759
1400000US06037620303,620303,2023,537,252,46.927376,193,35.940411
1400000US06037620305,620305,2023,1017,365,35.889874,246,24.188791
1400000US06037620400,620400,2023,625,243,38.880001,132,21.120001
1400000US06037620501,620501,2023,801,416,51.935081,159,19.850187
1400000US06037620521,620521,2023,940,433,46.063831,255,27.127659
1400000US06037620522,620522,2023,739,307,41.542625,163,22.056833
1400000US06037620601,620601,2023,1288,613,47.593166,141,10.947205
1400000US06037620602,620602,2023,514,204,39.688717,46,8.9494162
1400000US06037620701,620701,2023,1334,553,41.454273,299,22.413794
1400000US06037620703,620703,2023,254,23,9.0551186,9,3.5433071
1400000US06037620704,620704,2023,353,132,37.393768,35,9.9150143
1400000US06037620801,620801,2023,81,23,28.395061,16,19.753086
1400000US06037620802,620802,2023,553,146,26.401447,82,14.82821
1400000US06037620901,620901,2023,120,60,50,52,43.333332
1400000US06037620904,620904,2023,365,97,26.575342,34,9.3150682
1400000US06037621001,621001,2023,776,479,61.726803,187,24.097939
1400000US06037621005,621005,2023,1058,471,44.51796,247,23.345936
1400000US06037621102,621102,2023,464,97,20.905172,16,3.4482758
1400000US06037621104,621104,2023,1863,711,38.164249,260,13.955985
1400000US06037621201,621201,2023,1331,602,45.229153,241,18.106688
1400000US06037621204,621204,2023,1139,708,62.15979,262,23.002634
1400000US06037621301,621301,2023,844,468,55.450237,222,26.303318
1400000US06037621324,621324,2023,1287,661,51.359753,246,19.11422
1400000US06037621326,621326,2023,1318,698,52.95903,260,19.726858
1400000US06037621400,621400,2023,845,313,37.04142,209,24.733728
1400000US06037650001,650001,2023,718,516,71.866295,235,32.729805
1400000US06037650003,650003,2023,702,452,64.387466,115,16.381767
1400000US06037650004,650004,2023,932,487,52.25322,199,21.351931
1400000US06037650101,650101,2023,410,323,78.780487,256,62.439026
1400000US06037650102,650102,2023,213,110,51.643192,38,17.840376
1400000US06037650200,650200,2023,388,237,61.082474,125,32.216496
1400000US06037650300,650300,2023,1423,737,51.791988,426,29.936754
1400000US06037650401,650401,2023,187,44,23.529411,27,14.438502
1400000US06037650501,650501,2023,97,53,54.639175,13,13.402061
1400000US06037650502,650502,2023,357,101,28.291317,55,15.406162
1400000US06037650603,650603,2023,478,238,49.790794,131,27.405857
1400000US06037650604,650604,2023,2404,1111,46.214642,367,15.266223
1400000US06037650605,650605,2023,713,276,38.709679,65,9.1164093
1400000US06037650606,650606,2023,1469,661,44.996597,397,27.025187
1400000US06037650607,650607,2023,835,427,51.137726,156,18.682634
1400000US06037650701,650701,2023,151,74,49.006622,42,27.814569
1400000US06037650702,650702,2023,208,133,63.942307,19,9.1346149
1400000US06037650801,650801,2023,632,326,51.582279,155,24.525316
1400000US06037650802,650802,2023,520,349,67.115387,148,28.461538
1400000US06037650901,650901,2023,1146,638,55.671902,261,22.77487
1400000US06037650903,650903,2023,1039,652,62.752647,193,18.575554
1400000US06037650904,650904,2023,465,154,33.118279,62,13.333333
1400000US06037651001,651001,2023,495,349,70.505051,132,26.666666
1400000US06037651002,651002,2023,691,258,37.337193,86,12.445731
1400000US06037651101,651101,2023,591,247,41.793571,107,18.104906
1400000US06037651102,651102,2023,694,341,49.135448,203,29.250721
1400000US06037651201,651201,2023,89,25,28.089888,15,16.853933
1400000US06037651221,651221,2023,884,467,52.828053,243,27.488688
1400000US06037651222,651222,2023,1782,862,48.372616,432,24.242424
1400000US06037651302,651302,2023,565,288,50.97345,140,24.778761
1400000US06037651304,651304,2023,1071,369,34.453781,191,17.833799
1400000US06037651401,651401,2023,410,183,44.634148,100,24.390244
1400000US06037651402,651402,2023,967,530,54.808685,299,30.920372
1400000US06037670001,670001,2023,485,286,58.96907,84,17.319588
1400000US06037670002,670002,2023,767,348,45.371578,161,20.990873
1400000US06037670003,670003,2023,933,562,60.235798,269,28.831726
1400000US06037670101,670101,2023,599,182,30.383974,53,8.8480797
1400000US06037670102,670102,2023,1080,564,52.222221,229,21.203703
1400000US06037670201,670201,2023,255,152,59.607841,25,9.8039217
1400000US06037670202,670202,2023,72,36,50,27,37.5
1400000US06037670324,670324,2023,221,157,71.040726,118,53.393665
1400000US06037670326,670326,2023,46,20,43.47826,20,43.47826
1400000US06037670328,670328,2023,134,93,69.402985,74,55.223881
1400000US06037670405,670405,2023,232,134,57.758621,111,47.844826
1400000US06037670406,670406,2023,47,30,63.829788,0,0
1400000US06037670407,670407,2023,842,289,34.32304,122,14.489311
1400000US06037670413,670413,2023,360,246,68.333336,73,20.277779
1400000US06037670416,670416,2023,537,338,62.942272,80,14.897579
1400000US06037670417,670417,2023,151,86,56.953644,38,25.165564
1400000US06037670418,670418,2023,95,43,45.263157,9,9.4736843
1400000US06037670500,670500,2023,36,5,13.888889,5,13.888889
1400000US06037670603,670603,2023,50,23,46,23,46
1400000US06037670604,670604,2023,231,134,58.008659,0,0
1400000US06037670701,670701,2023,171,78,45.614037,35,20.467836
1400000US06037670702,670702,2023,134,85,63.432835,29,21.64179
1400000US06037700101,700101,2023,3099,1291,41.6586,787,25.395288
1400000US06037700102,700102,2023,2116,1023,48.345936,479,22.637051
1400000US06037700200,700200,2023,3662,1739,47.487713,1062,29.000546
1400000US06037700300,700300,2023,2705,1147,42.402958,667,24.658041
1400000US06037700400,700400,2023,2236,1077,48.16637,422,18.872988
1400000US06037700501,700501,2023,1247,556,44.587009,229,18.364075
1400000US06037700502,700502,2023,2065,1190,57.627117,740,35.83535
1400000US06037700600,700600,2023,94,60,63.829788,60,63.829788
1400000US06037700700,700700,2023,140,40,28.571428,40,28.571428
1400000US06037700801,700801,2023,1342,679,50.596127,505,37.630402
1400000US06037700802,700802,2023,1270,678,53.385826,524,41.259842
1400000US06037700901,700901,2023,754,463,61.405834,362,48.010609
1400000US06037700902,700902,2023,2532,1578,62.322273,775,30.608215
1400000US06037701000,701000,2023,1688,752,44.549763,495,29.324644
1400000US06037701201,701201,2023,217,89,41.013824,57,26.267281
1400000US06037701202,701202,2023,969,489,50.464397,217,22.39422
1400000US06037701302,701302,2023,1981,1096,55.325592,594,29.984856
1400000US06037701304,701304,2023,1189,406,34.146343,265,22.287636
1400000US06037701402,701402,2023,3201,1379,43.080288,671,20.9622
1400000US06037701501,701501,2023,1921,605,31.494013,299,15.56481
1400000US06037701502,701502,2023,1705,635,37.243401,343,20.117302
1400000US06037701601,701601,2023,699,249,35.622318,141,20.171675
1400000US06037701602,701602,2023,1337,664,49.663425,381,28.496634
1400000US06037701701,701701,2023,1241,641,51.651894,349,28.122482
1400000US06037701702,701702,2023,1468,788,53.678474,473,32.220707
1400000US06037701801,701801,2023,1950,943,48.358974,364,18.666666
1400000US06037701802,701802,2023,1719,918,53.403141,331,19.255381
1400000US06037701902,701902,2023,3054,1473,48.231827,649,21.250818
1400000US06037702002,702002,2023,2638,1337,50.682335,679,25.739197
1400000US06037702102,702102,2023,2667,1120,41.994751,564,21.147356
1400000US06037702201,702201,2023,1364,755,55.351906,453,33.211143
1400000US06037702202,702202,2023,884,462,52.262444,263,29.751131
1400000US06037702300,702300,2023,1143,543,47.506561,268,23.447069
1400000US06037702400,702400,2023,1380,574,41.594204,362,26.231884
1400000US06037702501,702501,2023,966,297,30.745342,184,19.047619
1400000US06037702502,702502,2023,594,322,54.208755,205,34.511784
1400000US06037702600,702600,2023,539,282,52.319111,105,19.48052
1400000US06037702700,702700,2023,254,149,58.661419,33,12.992126
1400000US06037702801,702801,2023,1022,636,62.230919,461,45.107632
1400000US06037702802,702802,2023,648,311,47.993828,173,26.697531
1400000US06037702803,702803,2023,799,410,51.314144,253,31.664581
1400000US06037702900,702900,2023,4738,2203,46.49641,1201,25.348248
1400000US06037703002,703002,2023,984,510,51.829269,117,11.890244
1400000US06037703003,703003,2023,1590,1032,64.905663,406,25.534592
1400000US06037703100,703100,2023,898,172,19.153675,115,12.806236
1400000US06037703200,703200,2023,788,518,65.736038,335,42.512691
1400000US06037800101,800101,2023,105,62,59.047619,62,59.047619
1400000US06037800103,800103,2023,149,109,73.154366,109,73.154366
1400000US06037800104,800104,2023,405,216,53.333332,156,38.51852
1400000US06037800202,800202,2023,154,105,68.181816,59,38.311687
1400000US06037800204,800204,2023,294,265,90.136055,232,78.911568
1400000US06037800205,800205,2023,865,536,61.965317,334,38.612717
1400000US06037800206,800206,2023,58,0,0,0,0
1400000US06037800324,800324,2023,255,147,57.64706,118,46.274509
1400000US06037800325,800325,2023,309,172,55.663429,114,36.893204
1400000US06037800328,800328,2023,66,35,53.030304,35,53.030304
1400000US06037800333,800333,2023,588,260,44.217686,209,35.544216
1400000US06037800334,800334,2023,164,117,71.341461,56,34.146343
1400000US06037800335,800335,2023,178,80,44.943821,57,32.022472
1400000US06037800336,800336,2023,91,12,13.186813,12,13.186813
1400000US06037800337,800337,2023,1008,764,75.793648,532,52.777779
1400000US06037800338,800338,2023,261,86,32.950191,43,16.475096
1400000US06037800406,800406,2023,106,31,29.245283,26,24.528301
1400000US06037800410,800410,2023,84,44,52.380951,24,28.571428
1400000US06037800411,800411,2023,113,98,86.725662,56,49.557522
1400000US06037800412,800412,2023,174,95,54.597702,77,44.252872
1400000US06037800504,800504,2023,301,134,44.518272,134,44.518272
1400000US06037800506,800506,2023,312,179,57.371796,145,46.474358
1400000US06037900102,900102,2023,46,43,93.478264,27,58.695652
1400000US06037900103,900103,2023,410,247,60.243904,159,38.780487
1400000US06037900104,900104,2023,411,269,65.450119,138,33.576641
1400000US06037900301,900301,2023,299,155,51.839466,139,46.488293
1400000US06037900501,900501,2023,674,471,69.881302,360,53.412464
1400000US06037900504,900504,2023,754,563,74.668434,240,31.830238
1400000US06037900505,900505,2023,413,311,75.302666,165,39.951572
1400000US06037900506,900506,2023,599,398,66.444077,158,26.377295
1400000US06037900508,900508,2023,204,152,74.509804,88,43.137257
1400000US06037900509,900509,2023,508,186,36.614174,67,13.188976
1400000US06037900510,900510,2023,403,314,77.915634,136,33.746899
1400000US06037900602,900602,2023,559,340,60.822899,141,25.223614
1400000US06037900606,900606,2023,965,491,50.880829,337,34.922279
1400000US06037900607,900607,2023,407,249,61.179359,197,48.40295
1400000US06037900608,900608,2023,323,229,70.897835,101,31.26935
1400000US06037900609,900609,2023,465,279,60,211,45.376343
1400000US06037900610,900610,2023,138,58,42.028984,0,0
1400000US06037900611,900611,2023,98,25,25.510204,12,12.244898
1400000US06037900701,900701,2023,687,442,64.3377,266,38.719067
1400000US06037900703,900703,2023,1742,959,55.051666,571,32.778416
1400000US06037900704,900704,2023,1538,846,55.0065,360,23.407022
1400000US06037900705,900705,2023,1197,786,65.664162,497,41.52047
1400000US06037900804,900804,2023,495,322,65.050507,258,52.121212
1400000US06037900805,900805,2023,387,211,54.521965,38,9.8191214
1400000US06037900806,900806,2023,1777,1100,61.902081,711,40.011253
1400000US06037900807,900807,2023,316,132,41.772152,33,10.443038
1400000US06037900808,900808,2023,441,377,85.487526,312,70.748299
1400000US06037900901,900901,2023,574,444,77.351913,287,50
1400000US06037900902,900902,2023,49,10,20.408163,0,0
1400000US06037901003,901003,2023,0,0,,0,
1400000US06037901007,901007,2023,75,30,40,7,9.333333
1400000US06037901008,901008,2023,497,210,42.253521,72,14.486921
1400000US06037901009,901009,2023,596,407,68.288589,248,41.610737
1400000US06037901010,901010,2023,593,343,57.841484,235,39.629005
1400000US06037901011,901011,2023,963,490,50.88266,166,17.237799
1400000US06037901012,901012,2023,155,88,56.774193,79,50.967743
1400000US06037901013,901013,2023,307,170,55.374592,139,45.276875
1400000US06037901014,901014,2023,367,191,52.043598,160,43.596729
1400000US06037901101,901101,2023,591,150,25.380711,110,18.61252
1400000US06037901102,901102,2023,439,211,48.063782,166,37.813213
1400000US06037901209,901209,2023,107,41,38.317757,21,19.626167
1400000US06037901210,901210,2023,78,61,78.205132,0,0
1400000US06037901214,901214,2023,271,201,74.169739,34,12.546125
1400000US06037901215,901215,2023,665,567,85.263161,363,54.586468
1400000US06037901216,901216,2023,60,0,0,0,0
1400000US06037901217,901217,2023,4,0,0,0,0
1400000US06037901218,901218,2023,0,0,,0,
1400000US06037901300,901300,2023,136,109,80.147057,34,25
1400000US06037910002,910002,2023,490,408,83.265305,196,40
1400000US06037910210,910210,2023,267,48,17.977528,31,11.610487
1400000US06037910211,910211,2023,76,24,31.578947,0,0
1400000US06037910212,910212,2023,114,74,64.912277,64,56.14035
1400000US06037910213,910213,2023,83,5,6.0240965,5,6.0240965
1400000US06037910214,910214,2023,298,159,53.355705,81,27.181208
1400000US06037910215,910215,2023,666,403,60.510509,219,32.882881
1400000US06037910216,910216,2023,221,123,55.656109,74,33.484161
1400000US06037910217,910217,2023,169,141,83.431953,132,78.106506
1400000US06037910218,910218,2023,495,382,77.171715,244,49.292931
1400000US06037910301,910301,2023,341,81,23.753666,81,23.753666
1400000US06037910302,910302,2023,205,92,44.878048,61,29.756098
1400000US06037910401,910401,2023,1174,788,67.120956,378,32.197617
1400000US06037910404,910404,2023,583,341,58.490566,143,24.528301
1400000US06037910405,910405,2023,1174,733,62.436115,528,44.974445
1400000US06037910501,910501,2023,1944,1243,63.940331,734,37.757202
1400000US06037910502,910502,2023,732,475,64.890709,346,47.267761
1400000US06037910504,910504,2023,413,261,63.196125,97,23.486683
1400000US06037910505,910505,2023,200,156,78,70,35
1400000US06037910601,910601,2023,495,211,42.626263,85,17.171717
1400000US06037910602,910602,2023,898,724,80.623611,383,42.650333
1400000US06037910605,910605,2023,367,176,47.956402,88,23.978201
1400000US06037910606,910606,2023,243,86,35.390945,42,17.283951
1400000US06037910607,910607,2023,592,284,47.972973,210,35.472973
1400000US06037910608,910608,2023,333,262,78.67868,94,28.228228
1400000US06037910706,910706,2023,252,230,91.269844,92,36.507938
1400000US06037910707,910707,2023,702,475,67.663818,301,42.877491
1400000US06037910709,910709,2023,31,22,70.967743,22,70.967743
1400000US06037910712,910712,2023,116,38,32.758621,0,0
1400000US06037910713,910713,2023,172,120,69.767441,88,51.162792
1400000US06037910714,910714,2023,151,96,63.57616,61,40.39735
1400000US06037910715,910715,2023,376,335,89.095741,298,79.255318
1400000US06037910716,910716,2023,310,231,74.516129,106,34.19355
1400000US06037910717,910717,2023,100,100,100,4,4
1400000US06037910718,910718,2023,62,17,27.419355,5,8.0645161
1400000US06037910719,910719,2023,299,140,46.822742,76,25.41806
1400000US06037910720,910720,2023,482,293,60.788383,260,53.94191
1400000US06037910721,910721,2023,583,451,77.35849,150,25.728989
1400000US06037910804,910804,2023,73,54,73.972603,18,24.657534
1400000US06037910807,910807,2023,232,123,53.017242,44,18.965517
1400000US06037910808,910808,2023,38,20,52.63158,0,0
1400000US06037910809,910809,2023,17,17,100,17,100
1400000US06037910810,910810,2023,63,53,84.126984,53,84.126984
1400000US06037910814,910814,2023,70,31,44.285713,31,44.285713
1400000US06037910815,910815,2023,73,18,24.657534,6,8.2191782
1400000US06037911001,911001,2023,147,69,46.938774,42,28.571428
1400000US06037911100,911100,2023,832,550,66.105766,238,28.60577
1400000US06037920013,920013,2023,183,129,70.491806,115,62.84153
1400000US06037920015,920015,2023,63,63,100,0,0
1400000US06037920016,920016,2023,267,184,68.913857,142,53.183521
1400000US06037920017,920017,2023,223,103,46.188339,71,31.838566
1400000US06037920018,920018,2023,51,32,62.745098,5,9.8039217
1400000US06037920020,920020,2023,233,160,68.669525,0,0
1400000US06037920028,920028,2023,358,251,70.111732,153,42.737431
1400000US06037920029,920029,2023,326,188,57.668713,104,31.90184
1400000US06037920030,920030,2023,420,224,53.333332,141,33.57143
1400000US06037920031,920031,2023,274,185,67.51825,64,23.357664
1400000US06037920034,920034,2023,214,111,51.86916,57,26.635513
1400000US06037920035,920035,2023,650,380,58.46154,320,49.23077
1400000US06037920038,920038,2023,451,252,55.875832,144,31.929047
1400000US06037920039,920039,2023,16,12,75,6,37.5
1400000US06037920040,920040,2023,170,114,67.058823,49,28.82353
1400000US06037920041,920041,2023,569,333,58.523727,171,30.052725
1400000US06037920042,920042,2023,933,413,44.265808,215,23.043943
1400000US06037920043,920043,2023,284,167,58.802818,67,23.591549
1400000US06037920044,920044,2023,176,95,53.977272,57,32.386364
1400000US06037920045,920045,2023,141,52,36.879433,11,7.8014183
1400000US06037920046,920046,2023,546,313,57.326008,132,24.175825
1400000US06037920047,920047,2023,1811,1098,60.629486,654,36.112644
1400000US06037920048,920048,2023,358,246,68.71508,119,33.240223
1400000US06037920049,920049,2023,105,69,65.714287,33,31.428572
1400000US06037920050,920050,2023,139,89,64.028778,70,50.359711
1400000US06037920102,920102,2023,687,553,80.494904,299,43.52256
1400000US06037920104,920104,2023,32,19,59.375,19,59.375
1400000US06037920106,920106,2023,194,104,53.608246,36,18.556702
1400000US06037920109,920109,2023,565,290,51.327435,195,34.513275
1400000US06037920110,920110,2023,390,245,62.820515,113,28.97436
1400000US06037920111,920111,2023,205,128,62.439026,105,51.219513
1400000US06037920112,920112,2023,461,336,72.885033,269,58.35141
1400000US06037920114,920114,2023,933,509,54.555199,264,28.29582
1400000US06037920115,920115,2023,706,481,68.13031,347,49.150143
1400000US06037920116,920116,2023,76,50,65.789474,14,18.421053
1400000US06037920118,920118,2023,149,67,44.966442,45,30.201342
1400000US06037920119,920119,2023,11,4,36.363636,4,36.363636
1400000US06037920120,920120,2023,92,29,31.52174,29,31.52174
1400000US06037920121,920121,2023,787,470,59.720459,286,36.340534
1400000US06037920200,920200,2023,0,0,,0,
1400000US06037920303,920303,2023,323,176,54.489162,100,30.959753
1400000US06037920312,920312,2023,1010,787,77.920792,317,31.386139
1400000US06037920313,920313,2023,83,23,27.710844,8,9.6385546
1400000US06037920314,920314,2023,254,135,53.149605,66,25.984251
1400000US06037920322,920322,2023,204,134,65.686272,97,47.549019
1400000US06037920326,920326,2023,1377,863,62.672478,501,36.383442
1400000US06037920328,920328,2023,398,197,49.497486,112,28.140703
1400000US06037920329,920329,2023,943,619,65.641571,183,19.406151
1400000US06037920330,920330,2023,433,270,62.355659,193,44.57275
1400000US06037920331,920331,2023,288,142,49.305557,61,21.180555
1400000US06037920332,920332,2023,105,59,56.190475,41,39.047619
1400000US06037920334,920334,2023,747,557,74.564926,343,45.917
1400000US06037920338,920338,2023,194,185,95.360825,30,15.463918
1400000US06037920339,920339,2023,1069,632,59.120674,251,23.479887
1400000US06037920340,920340,2023,375,235,62.666668,146,38.933334
1400000US06037920341,920341,2023,750,421,56.133335,257,34.266666
1400000US06037920342,920342,2023,568,385,67.781693,188,33.098591
1400000US06037920343,920343,2023,714,540,75.630249,238,33.333332
1400000US06037930400,930400,2023,78,20,25.641026,5,6.4102564
1400000US06037980001,980001,2023,0,0,,0,
1400000US06037980002,980002,2023,0,0,,0,
1400000US06037980003,980003,2023,0,0,,0,
1400000US06037980004,980004,2023,0,0,,0,
1400000US06037980005,980005,2023,0,0,,0,
1400000US06037980006,980006,2023,0,0,,0,
1400000US06037980007,980007,2023,0,0,,0,
1400000US06037980008,980008,2023,18,13,72.222221,13,72.222221
1400000US06037980009,980009,2023,0,0,,0,
1400000US06037980010,980010,2023,64,56,87.5,35,54.6875
1400000US06037980011,980011,2023,0,0,,0,
1400000US06037980012,980012,2023,0,0,,0,
1400000US06037980013,980013,2023,0,0,,0,
1400000US06037980014,980014,2023,6,6,100,6,100
1400000US06037980015,980015,2023,505,295,58.41584,95,18.811882
1400000US06037980016,980016,2023,91,27,29.67033,7,7.6923075
1400000US06037980017,980017,2023,13,0,0,0,0
1400000US06037980018,980018,2023,0,0,,0,
1400000US06037980019,980019,2023,10,10,100,10,100
1400000US06037980020,980020,2023,0,0,,0,
1400000US06037980021,980021,2023,0,0,,0,
1400000US06037980022,980022,2023,0,0,,0,
1400000US06037980023,980023,2023,0,0,,0,
1400000US06037980024,980024,2023,31,11,35.483871,5,16.129032
1400000US06037980025,980025,2023,220,167,75.909088,103,46.81818
1400000US06037980026,980026,2023,0,0,,0,
1400000US06037980028,980028,2023,0,0,,0,
1400000US06037980030,980030,2023,0,0,,0,
1400000US06037980031,980031,2023,4,0,0,0,0
1400000US06037980033,980033,2023,0,0,,0,
1400000US06037980034,980034,2023,0,0,,0,
1400000US06037980035,980035,2023,91,60,65.934067,10,10.989011
1400000US06037980036,980036,2023,28,5,17.857143,5,17.857143
1400000US06037980037,980037,2023,0,0,,0,
1400000US06037980038,980038,2023,0,0,,0,
1400000US06037980039,980039,2023,0,0,,0,
1400000US06037990100,990100,2023,0,0,,0,
1400000US06037990200,990200,2023,0,0,,0,
1400000US06037990300,990300,2023,0,0,,0,